unsigned char model_int8_tflite[] = {
  0x1c, 0x00, 0x00, 0x00, 0x54, 0x46, 0x4c, 0x33, 0x14, 0x00, 0x20, 0x00,
  0x1c, 0x00, 0x18, 0x00, 0x14, 0x00, 0x10, 0x00, 0x0c, 0x00, 0x00, 0x00,
  0x08, 0x00, 0x04, 0x00, 0x14, 0x00, 0x00, 0x00, 0x1c, 0x00, 0x00, 0x00,
  0x88, 0x00, 0x00, 0x00, 0xe0, 0x00, 0x00, 0x00, 0xec, 0x40, 0x00, 0x00,
  0xfc, 0x40, 0x00, 0x00, 0x30, 0x57, 0x00, 0x00, 0x03, 0x00, 0x00, 0x00,
  0x01, 0x00, 0x00, 0x00, 0x04, 0x00, 0x00, 0x00, 0xe2, 0xbd, 0xff, 0xff,
  0x0c, 0x00, 0x00, 0x00, 0x1c, 0x00, 0x00, 0x00, 0x38, 0x00, 0x00, 0x00,
  0x0f, 0x00, 0x00, 0x00, 0x73, 0x65, 0x72, 0x76, 0x69, 0x6e, 0x67, 0x5f,
  0x64, 0x65, 0x66, 0x61, 0x75, 0x6c, 0x74, 0x00, 0x01, 0x00, 0x00, 0x00,
  0x04, 0x00, 0x00, 0x00, 0x94, 0xff, 0xff, 0xff, 0x17, 0x00, 0x00, 0x00,
  0x04, 0x00, 0x00, 0x00, 0x07, 0x00, 0x00, 0x00, 0x64, 0x65, 0x6e, 0x73,
  0x65, 0x5f, 0x32, 0x00, 0x01, 0x00, 0x00, 0x00, 0x04, 0x00, 0x00, 0x00,
  0x9a, 0xbf, 0xff, 0xff, 0x04, 0x00, 0x00, 0x00, 0x0c, 0x00, 0x00, 0x00,
  0x63, 0x6f, 0x6e, 0x76, 0x32, 0x64, 0x5f, 0x69, 0x6e, 0x70, 0x75, 0x74,
  0x00, 0x00, 0x00, 0x00, 0x02, 0x00, 0x00, 0x00, 0x34, 0x00, 0x00, 0x00,
  0x04, 0x00, 0x00, 0x00, 0xdc, 0xff, 0xff, 0xff, 0x1a, 0x00, 0x00, 0x00,
  0x04, 0x00, 0x00, 0x00, 0x13, 0x00, 0x00, 0x00, 0x43, 0x4f, 0x4e, 0x56,
  0x45, 0x52, 0x53, 0x49, 0x4f, 0x4e, 0x5f, 0x4d, 0x45, 0x54, 0x41, 0x44,
  0x41, 0x54, 0x41, 0x00, 0x08, 0x00, 0x0c, 0x00, 0x08, 0x00, 0x04, 0x00,
  0x08, 0x00, 0x00, 0x00, 0x19, 0x00, 0x00, 0x00, 0x04, 0x00, 0x00, 0x00,
  0x13, 0x00, 0x00, 0x00, 0x6d, 0x69, 0x6e, 0x5f, 0x72, 0x75, 0x6e, 0x74,
  0x69, 0x6d, 0x65, 0x5f, 0x76, 0x65, 0x72, 0x73, 0x69, 0x6f, 0x6e, 0x00,
  0x1b, 0x00, 0x00, 0x00, 0x08, 0x40, 0x00, 0x00, 0x00, 0x40, 0x00, 0x00,
  0xe8, 0x3f, 0x00, 0x00, 0xcc, 0x3f, 0x00, 0x00, 0x9c, 0x3f, 0x00, 0x00,
  0x0c, 0x3f, 0x00, 0x00, 0xfc, 0x3a, 0x00, 0x00, 0x6c, 0x3a, 0x00, 0x00,
  0x5c, 0x1e, 0x00, 0x00, 0x0c, 0x1e, 0x00, 0x00, 0xfc, 0x14, 0x00, 0x00,
  0xac, 0x14, 0x00, 0x00, 0x9c, 0x02, 0x00, 0x00, 0x0c, 0x02, 0x00, 0x00,
  0xdc, 0x00, 0x00, 0x00, 0xd4, 0x00, 0x00, 0x00, 0xcc, 0x00, 0x00, 0x00,
  0xc4, 0x00, 0x00, 0x00, 0xbc, 0x00, 0x00, 0x00, 0xb4, 0x00, 0x00, 0x00,
  0xac, 0x00, 0x00, 0x00, 0xa4, 0x00, 0x00, 0x00, 0x9c, 0x00, 0x00, 0x00,
  0x94, 0x00, 0x00, 0x00, 0x8c, 0x00, 0x00, 0x00, 0x6c, 0x00, 0x00, 0x00,
  0x04, 0x00, 0x00, 0x00, 0x82, 0xc0, 0xff, 0xff, 0x04, 0x00, 0x00, 0x00,
  0x58, 0x00, 0x00, 0x00, 0x0c, 0x00, 0x00, 0x00, 0x08, 0x00, 0x0e, 0x00,
  0x08, 0x00, 0x04, 0x00, 0x08, 0x00, 0x00, 0x00, 0x10, 0x00, 0x00, 0x00,
  0x28, 0x00, 0x00, 0x00, 0x00, 0x00, 0x06, 0x00, 0x08, 0x00, 0x04, 0x00,
  0x06, 0x00, 0x00, 0x00, 0x04, 0x00, 0x00, 0x00, 0x01, 0x00, 0x00, 0x00,
  0xeb, 0x03, 0x00, 0x00, 0x00, 0x00, 0x0a, 0x00, 0x10, 0x00, 0x0c, 0x00,
  0x08, 0x00, 0x04, 0x00, 0x0a, 0x00, 0x00, 0x00, 0x02, 0x00, 0x00, 0x00,
  0x02, 0x00, 0x00, 0x00, 0x04, 0x00, 0x00, 0x00, 0x06, 0x00, 0x00, 0x00,
  0x32, 0x2e, 0x31, 0x32, 0x2e, 0x30, 0x00, 0x00, 0xe6, 0xc0, 0xff, 0xff,
  0x04, 0x00, 0x00, 0x00, 0x10, 0x00, 0x00, 0x00, 0x31, 0x2e, 0x31, 0x34,
  0x2e, 0x30, 0x00, 0x00, 0x00, 0x00, 0x00, 0x00, 0x00, 0x00, 0x00, 0x00,
  0x78, 0xab, 0xff, 0xff, 0x7c, 0xab, 0xff, 0xff, 0x80, 0xab, 0xff, 0xff,
  0x84, 0xab, 0xff, 0xff, 0x88, 0xab, 0xff, 0xff, 0x8c, 0xab, 0xff, 0xff,
  0x90, 0xab, 0xff, 0xff, 0x94, 0xab, 0xff, 0xff, 0x98, 0xab, 0xff, 0xff,
  0x9c, 0xab, 0xff, 0xff, 0x2a, 0xc1, 0xff, 0xff, 0x04, 0x00, 0x00, 0x00,
  0x20, 0x01, 0x00, 0x00, 0x00, 0x00, 0x00, 0x00, 0x00, 0x00, 0x00, 0x00,
  0x00, 0x7f, 0x3b, 0x03, 0x24, 0x0a, 0x45, 0xf2, 0xf1, 0x40, 0xd2, 0x21,
  0x74, 0xe6, 0x5d, 0x57, 0x2e, 0x7f, 0xf1, 0x08, 0x7f, 0x7c, 0x26, 0xf2,
  0xff, 0x01, 0xda, 0xb8, 0x81, 0x87, 0x96, 0x50, 0x72, 0x54, 0xf3, 0xb0,
  0xe7, 0x34, 0x3a, 0x06, 0x7f, 0x21, 0x0d, 0xe6, 0x9d, 0x01, 0x5e, 0x7f,
  0x39, 0x3f, 0x4d, 0x34, 0x3e, 0x2a, 0x3a, 0x27, 0x6b, 0x7f, 0x47, 0x10,
  0x3c, 0x24, 0x1d, 0x79, 0x7f, 0x8a, 0xca, 0x48, 0x5d, 0xa7, 0xe3, 0x5f,
  0x5f, 0xf8, 0x33, 0x49, 0x9e, 0x1a, 0x7f, 0xc9, 0x23, 0x4e, 0x18, 0x29,
  0x1f, 0xd0, 0x14, 0x03, 0xee, 0x81, 0xa1, 0xd1, 0x81, 0xaa, 0x23, 0xef,
  0xd2, 0xf5, 0xd7, 0xdf, 0x00, 0x00, 0x00, 0x00, 0x00, 0x00, 0x00, 0x00,
  0x00, 0x40, 0x62, 0x52, 0x6e, 0x7f, 0xf9, 0x5b, 0x0b, 0xee, 0x1c, 0xe5,
  0xcb, 0xaa, 0xe9, 0x81, 0xf2, 0xe1, 0xd8, 0x5f, 0x92, 0x27, 0xf7, 0x92,
  0x9c, 0x13, 0x4e, 0x7f, 0x25, 0x66, 0xab, 0xf6, 0x2d, 0x90, 0x4c, 0x7f,
  0x77, 0x16, 0x2b, 0xef, 0xc4, 0x7f, 0x3e, 0xda, 0x78, 0x6e, 0x00, 0x00,
  0x00, 0x00, 0x00, 0x00, 0x00, 0x00, 0x00, 0x6c, 0xe9, 0x41, 0x03, 0x25,
  0x2a, 0xed, 0x18, 0x7f, 0x45, 0x2a, 0x26, 0x2f, 0x7d, 0x54, 0x7f, 0x26,
  0x2b, 0x3b, 0x3b, 0xd5, 0x7f, 0x36, 0x2d, 0x5e, 0x4f, 0xec, 0x52, 0x6b,
  0x31, 0x7f, 0x3f, 0x6f, 0xc8, 0xd3, 0x02, 0x68, 0xfa, 0x4e, 0x7f, 0x3d,
  0x58, 0x3f, 0x15, 0x4d, 0x18, 0x29, 0x31, 0x2f, 0x3c, 0xd7, 0x7f, 0x0e,
  0xeb, 0x0e, 0x43, 0x59, 0x18, 0x63, 0x5f, 0x75, 0x7f, 0x6e, 0x00, 0x00,
  0x00, 0x00, 0x00, 0x00, 0x00, 0x00, 0x00, 0x00, 0x00, 0x00, 0x00, 0x00,
  0x00, 0x00, 0x00, 0x00, 0x00, 0x00, 0x00, 0x00, 0x00, 0x00, 0x00, 0x00,
  0x00, 0x2b, 0x2c, 0x12, 0xd9, 0x43, 0x7f, 0x69, 0x9f, 0xd3, 0x7f, 0x56,
  0x06, 0x54, 0x46, 0xd5, 0x4f, 0x71, 0x51, 0x19, 0xe9, 0x3e, 0x7f, 0x67,
  0xfe, 0xe7, 0xfa, 0x1f, 0x56, 0xc2, 0xff, 0xff, 0x04, 0x00, 0x00, 0x00,
  0x80, 0x00, 0x00, 0x00, 0x00, 0x00, 0x00, 0xc0, 0x99, 0xf1, 0x01, 0x00,
  0xf6, 0x75, 0x02, 0x00, 0x03, 0x2c, 0x0c, 0x00, 0x12, 0x7a, 0x09, 0x00,
  0x05, 0x9d, 0x11, 0x00, 0xf3, 0xb1, 0xf4, 0xff, 0xb0, 0x93, 0x29, 0x00,
  0xd0, 0xaf, 0x03, 0x00, 0x36, 0x6e, 0x17, 0x00, 0x3b, 0x20, 0x03, 0x00,
  0x5e, 0x5b, 0x03, 0x00, 0x00, 0x00, 0x00, 0xc0, 0x9c, 0x48, 0xfc, 0xff,
  0x02, 0x6f, 0xf8, 0xff, 0x70, 0x7e, 0x04, 0x00, 0x76, 0x39, 0xff, 0xff,
  0x80, 0x50, 0x0c, 0x00, 0x00, 0x00, 0x00, 0xc0, 0xd7, 0x8f, 0x14, 0x00,
  0x6f, 0x2b, 0x0c, 0x00, 0x2d, 0xb4, 0xf8, 0xff, 0xdc, 0xe6, 0x0e, 0x00,
  0x2b, 0xe6, 0x05, 0x00, 0x82, 0x38, 0xfc, 0xff, 0x19, 0x3c, 0xf9, 0xff,
  0x00, 0x00, 0x00, 0xc0, 0x00, 0x00, 0x00, 0xc0, 0x00, 0x00, 0x00, 0xc0,
  0xcc, 0xbf, 0xfd, 0xff, 0xda, 0x4b, 0xf5, 0xff, 0x32, 0x6a, 0x12, 0x00,
  0xe2, 0xc2, 0xff, 0xff, 0x04, 0x00, 0x00, 0x00, 0x00, 0x12, 0x00, 0x00,
  0xfd, 0x09, 0xf1, 0xf9, 0x0e, 0x05, 0x0d, 0x25, 0xfd, 0x19, 0xf4, 0xfe,
  0x16, 0xf9, 0xfa, 0x0e, 0x04, 0x09, 0x0b, 0x0e, 0x01, 0xe8, 0xfd, 0x04,
  0xfb, 0xfc, 0x17, 0xf7, 0x13, 0x37, 0xfd, 0xf8, 0x0a, 0xf8, 0x09, 0x01,
  0x18, 0x15, 0x19, 0x16, 0x03, 0x1f, 0x01, 0xf4, 0xf7, 0xf6, 0x06, 0xf7,
  0x11, 0xfe, 0xff, 0xfb, 0xe7, 0x06, 0x11, 0xff, 0xfd, 0x2e, 0x05, 0x03,
  0xf2, 0x35, 0x16, 0xff, 0xf2, 0x03, 0x02, 0xfe, 0x0d, 0xf7, 0xe5, 0x11,
  0x07, 0x12, 0x12, 0x15, 0xf7, 0xfd, 0xe8, 0xfc, 0x11, 0x00, 0xff, 0xfa,
  0x0f, 0x0d, 0xfd, 0x02, 0x13, 0x0c, 0xff, 0xfe, 0xff, 0x1b, 0x0b, 0x0a,
  0xfb, 0xfa, 0x02, 0xfa, 0xdd, 0x32, 0xfa, 0x02, 0xeb, 0x23, 0x25, 0xe6,
  0x0a, 0xea, 0xd4, 0xeb, 0xc5, 0xe7, 0x04, 0x01, 0xf3, 0xef, 0x14, 0xe3,
  0xef, 0xef, 0x0c, 0x08, 0xed, 0x46, 0xdf, 0x18, 0x0d, 0x08, 0xd1, 0x1e,
  0xed, 0x05, 0x0a, 0x04, 0xf9, 0xfb, 0x0f, 0xe7, 0xfe, 0xfe, 0xf3, 0xff,
  0xc4, 0x05, 0xf5, 0xf9, 0xf0, 0xe3, 0xe8, 0xe9, 0xcb, 0xcd, 0xfa, 0xf8,
  0x09, 0xe4, 0xfa, 0x0a, 0xec, 0xf1, 0x10, 0xe9, 0x02, 0xfd, 0x04, 0x06,
  0x21, 0xe6, 0x02, 0xfb, 0x07, 0x02, 0x05, 0x0b, 0x16, 0x06, 0xff, 0x06,
  0xf2, 0x03, 0xfe, 0xee, 0xef, 0xe0, 0xf9, 0x11, 0x06, 0x0a, 0x0e, 0x09,
  0xf6, 0x22, 0x07, 0x32, 0x03, 0x1b, 0xfc, 0x13, 0x28, 0xe9, 0x52, 0x19,
  0xf2, 0x15, 0x42, 0x0f, 0xcc, 0x11, 0x0a, 0x21, 0x21, 0xd9, 0x3c, 0x1c,
  0xdb, 0xd2, 0x0d, 0xf0, 0x06, 0x2d, 0xda, 0x1b, 0xee, 0xfd, 0xaa, 0xf2,
  0x19, 0x06, 0xbb, 0xdc, 0xfc, 0xe2, 0x2b, 0x45, 0x14, 0xd9, 0x1f, 0x0f,
  0xab, 0xe1, 0xf9, 0xed, 0xdf, 0xb7, 0xdd, 0xd5, 0x81, 0xa3, 0xe2, 0xf3,
  0x01, 0xd5, 0xaf, 0xe1, 0xf5, 0xe4, 0xff, 0x22, 0x17, 0x14, 0xdd, 0xe0,
  0xfa, 0xfd, 0x45, 0x2d, 0x10, 0xf7, 0x30, 0x08, 0xbf, 0xfa, 0x0e, 0xee,
  0xd5, 0x00, 0xed, 0xc4, 0x14, 0xe2, 0xe5, 0x04, 0xee, 0xd5, 0xef, 0xfe,
  0xf4, 0xef, 0x25, 0x08, 0xde, 0x20, 0x17, 0x09, 0xca, 0x2c, 0xf9, 0xf4,
  0xea, 0xee, 0x05, 0x03, 0xd5, 0xfc, 0x08, 0x0b, 0x13, 0x11, 0x40, 0x33,
  0xe0, 0x2f, 0x05, 0x12, 0x0c, 0x7f, 0xf2, 0x3e, 0xed, 0x0f, 0xf3, 0xfa,
  0xd6, 0x5f, 0x26, 0x07, 0xe8, 0xcc, 0x1c, 0xeb, 0xe3, 0x26, 0xef, 0xea,
  0xe5, 0xe9, 0x1a, 0xf8, 0x30, 0x2f, 0x4a, 0x1d, 0x5f, 0x71, 0xed, 0xe8,
  0x01, 0x2d, 0x2f, 0xee, 0x15, 0xea, 0x3d, 0xf5, 0x24, 0xca, 0x18, 0x49,
  0x23, 0x20, 0xf3, 0x26, 0x03, 0x28, 0x23, 0x15, 0x25, 0x1e, 0xe9, 0x05,
  0xe9, 0x1c, 0xbc, 0xf0, 0x6c, 0x25, 0x09, 0x0b, 0xf7, 0xcb, 0x23, 0xe9,
  0xfd, 0x07, 0x36, 0x15, 0xf2, 0x01, 0xea, 0x19, 0xf8, 0x16, 0xef, 0xfc,
  0xf0, 0x06, 0xf4, 0x00, 0xd8, 0x1d, 0xfa, 0x0c, 0x11, 0xee, 0x23, 0x1b,
  0xfb, 0xfb, 0xf2, 0xf4, 0xf4, 0x0c, 0xe5, 0x0a, 0x0b, 0xfd, 0xec, 0xdb,
  0xfe, 0x2c, 0x3b, 0x16, 0x03, 0x03, 0xd6, 0x02, 0x13, 0x08, 0x35, 0xf7,
  0x06, 0xee, 0x06, 0x10, 0xfb, 0x0d, 0x11, 0x0a, 0xf5, 0x20, 0x05, 0xef,
  0x0c, 0xba, 0x0d, 0xfc, 0xf0, 0xf1, 0xea, 0x15, 0xed, 0x08, 0xee, 0xca,
  0xd6, 0xd6, 0xc0, 0xfb, 0x18, 0xf4, 0x38, 0xf5, 0x38, 0xdd, 0x0f, 0xda,
  0xed, 0xe5, 0x2c, 0xf3, 0x18, 0xde, 0x04, 0xff, 0xf6, 0xbc, 0xde, 0x0b,
  0x03, 0xef, 0x05, 0xd1, 0x45, 0xcd, 0xe2, 0xfc, 0xee, 0xc6, 0xce, 0x14,
  0x19, 0xf1, 0xd9, 0x17, 0xe7, 0x0b, 0xee, 0xf6, 0xfa, 0xe7, 0xc0, 0xf4,
  0xf4, 0xfe, 0xf1, 0xfc, 0x10, 0xd4, 0xd8, 0xe4, 0xee, 0xd3, 0x35, 0x0e,
  0x54, 0x21, 0x0c, 0xf0, 0x03, 0xf1, 0x44, 0x6b, 0xe7, 0x20, 0x54, 0x2f,
  0xf7, 0xe9, 0xfc, 0xed, 0xf0, 0x01, 0xf3, 0xf3, 0x44, 0x15, 0x18, 0x11,
  0xf2, 0x51, 0xf9, 0x0b, 0x0f, 0xfc, 0x1c, 0x15, 0x4a, 0x08, 0x09, 0x16,
  0x15, 0x17, 0xf5, 0x0b, 0x16, 0xf1, 0x1b, 0x1a, 0x38, 0x18, 0xee, 0x18,
  0xfb, 0x03, 0x26, 0xed, 0xeb, 0x11, 0x0f, 0xf6, 0x00, 0xc6, 0xff, 0x06,
  0xf9, 0x10, 0xf9, 0xfc, 0x0f, 0xf4, 0xf8, 0x08, 0x13, 0xe6, 0xe6, 0x29,
  0x15, 0x0b, 0x08, 0x11, 0x13, 0x17, 0xff, 0x20, 0x0f, 0x07, 0xcb, 0xef,
  0x28, 0xf8, 0x11, 0xf0, 0xf3, 0x81, 0x20, 0xfd, 0x10, 0xf1, 0xca, 0x06,
  0xf4, 0x00, 0xd8, 0xc9, 0xa9, 0x02, 0x1b, 0xda, 0xed, 0xcc, 0xe8, 0xe9,
  0x9b, 0xdc, 0x12, 0xd7, 0xb8, 0xcc, 0xd5, 0xdb, 0xe9, 0xca, 0x00, 0x00,
  0xee, 0xe1, 0xd8, 0xdb, 0x07, 0x04, 0x07, 0x08, 0xdd, 0x17, 0xf3, 0x28,
  0xf3, 0x06, 0x06, 0xe7, 0x13, 0xec, 0xcc, 0xee, 0xba, 0x04, 0xf1, 0xfe,
  0x0e, 0xee, 0x28, 0x0c, 0xc8, 0xee, 0xf5, 0xeb, 0x0d, 0xc6, 0xf7, 0x0f,
  0xf0, 0x04, 0xf5, 0xf5, 0x1b, 0x22, 0x17, 0x11, 0x0a, 0x0c, 0xf8, 0x03,
  0xf6, 0x10, 0xf3, 0x07, 0x0c, 0xf9, 0x13, 0x09, 0x04, 0xfb, 0x0f, 0x02,
  0xee, 0x06, 0xfe, 0xe8, 0xf9, 0x2a, 0x10, 0x04, 0xf9, 0x02, 0xd8, 0x03,
  0x18, 0x17, 0x00, 0x07, 0xfc, 0x23, 0xf8, 0xe5, 0xe9, 0xfe, 0xfd, 0xfb,
  0x1d, 0xf2, 0x05, 0x0a, 0xd0, 0xf4, 0x06, 0xfe, 0xd6, 0xf4, 0xf8, 0xf4,
  0xf7, 0x2a, 0xd5, 0x00, 0xec, 0x1a, 0x0d, 0xf1, 0x01, 0x14, 0x0e, 0x43,
  0x2b, 0x01, 0xf5, 0x02, 0x02, 0x0f, 0xf9, 0x0b, 0xfa, 0x0a, 0xec, 0xfe,
  0x31, 0x20, 0x12, 0x11, 0x2a, 0x0b, 0x0d, 0x07, 0x14, 0x1c, 0xfb, 0x25,
  0x15, 0x08, 0xda, 0x3d, 0x25, 0x1c, 0xe5, 0x2a, 0x31, 0x1e, 0xf9, 0x26,
  0xfe, 0xe2, 0xd1, 0x23, 0x1a, 0xff, 0xff, 0x04, 0xf0, 0xef, 0x0d, 0xe2,
  0xbb, 0xca, 0xfd, 0xf7, 0xea, 0xe5, 0xee, 0x04, 0x15, 0xd4, 0xfe, 0x11,
  0x50, 0xea, 0x95, 0x04, 0x09, 0x1a, 0xbf, 0x49, 0xf8, 0xe3, 0xe1, 0x0e,
  0x0a, 0xe3, 0x0b, 0xec, 0xf5, 0x9f, 0xcd, 0xe1, 0xbb, 0xa1, 0xe6, 0x19,
  0x00, 0x9b, 0xa5, 0x10, 0x15, 0xf5, 0x45, 0x08, 0x11, 0x2a, 0xf9, 0x29,
  0x37, 0x3e, 0xcc, 0x4c, 0x04, 0xfe, 0xed, 0xfc, 0x0b, 0x26, 0xfb, 0x2c,
  0x12, 0xe2, 0x02, 0x12, 0xe6, 0x11, 0xf5, 0xf2, 0x08, 0x2c, 0xdf, 0x16,
  0x01, 0x10, 0x4f, 0xe1, 0xe0, 0xf1, 0x1c, 0x35, 0xfb, 0x4e, 0x2f, 0xfe,
  0x17, 0x30, 0xdb, 0xed, 0xfe, 0x2d, 0xe5, 0x04, 0x35, 0x0e, 0x04, 0x1a,
  0x32, 0x2c, 0x08, 0xef, 0x07, 0x52, 0x10, 0xf5, 0xf7, 0x06, 0xe0, 0x04,
  0x02, 0x23, 0xd4, 0x18, 0x29, 0xe3, 0x14, 0xe8, 0xeb, 0xf8, 0xc4, 0x16,
  0x3a, 0x13, 0x1a, 0x0b, 0xfd, 0xc9, 0x31, 0xf5, 0xcb, 0x81, 0xe6, 0xeb,
  0xfc, 0x55, 0xd5, 0x0e, 0xf0, 0x0a, 0xa4, 0x0a, 0x31, 0x31, 0xd1, 0xa5,
  0xc2, 0x9c, 0x21, 0xe8, 0xf4, 0xcb, 0xe7, 0xf0, 0x8d, 0xbf, 0x1f, 0xdc,
  0xb4, 0xc5, 0x04, 0xc5, 0xb3, 0xa1, 0xf9, 0xe9, 0x07, 0x3f, 0xe8, 0xd2,
  0x06, 0x0d, 0x37, 0xf4, 0x26, 0xed, 0x31, 0x20, 0x0e, 0x40, 0x09, 0x38,
  0xf7, 0x2f, 0x20, 0x13, 0x38, 0xef, 0x01, 0xf8, 0x10, 0x3a, 0x20, 0x13,
  0x3f, 0xf7, 0x21, 0xea, 0xf8, 0xfa, 0x3f, 0xfa, 0xe8, 0xd6, 0xea, 0xff,
  0xfc, 0xe4, 0xba, 0x21, 0x05, 0x11, 0xb9, 0xd6, 0x01, 0xe6, 0xd2, 0xf7,
  0x07, 0x07, 0xf3, 0x01, 0x06, 0xe3, 0x08, 0xf1, 0xe9, 0xc3, 0xf5, 0x01,
  0xee, 0x23, 0xdc, 0x26, 0xe2, 0x00, 0xd4, 0x1d, 0xfe, 0xe5, 0xe2, 0x2c,
  0x76, 0xd0, 0xe0, 0x27, 0x14, 0xbe, 0xf3, 0x14, 0x03, 0x15, 0xff, 0x0f,
  0xe5, 0xec, 0x01, 0xf3, 0x8e, 0xe1, 0xdc, 0xf3, 0xf9, 0x3d, 0xde, 0x0b,
  0xf8, 0x1d, 0x4f, 0xe2, 0xd0, 0x07, 0x18, 0x11, 0xff, 0xf6, 0x05, 0xf6,
  0xe9, 0x1c, 0x18, 0x00, 0x0f, 0x16, 0xe9, 0xfd, 0x3f, 0x0c, 0x47, 0x2b,
  0x0f, 0x20, 0xfa, 0xf2, 0xea, 0x44, 0x1b, 0x16, 0xea, 0xf8, 0xf1, 0x11,
  0x96, 0x2f, 0x0c, 0x0a, 0x00, 0x1f, 0x2d, 0xa7, 0xe3, 0xf1, 0xa0, 0xef,
  0xdc, 0xf3, 0xe8, 0xec, 0x02, 0xf0, 0x01, 0xe3, 0xee, 0xee, 0x0f, 0xf8,
  0x08, 0x02, 0x00, 0xfa, 0x14, 0x27, 0xe2, 0x17, 0xf0, 0xf7, 0xd2, 0x25,
  0x26, 0x2b, 0xe7, 0xd6, 0xe4, 0xde, 0x22, 0x11, 0xf5, 0x20, 0x02, 0x11,
  0xe4, 0xf6, 0x14, 0x03, 0xa6, 0xd7, 0xd1, 0xef, 0xfa, 0x41, 0xef, 0x16,
  0xff, 0xac, 0xd3, 0xab, 0xee, 0x85, 0xf0, 0xd7, 0xec, 0xf0, 0x26, 0xab,
  0x46, 0xd9, 0x16, 0x8a, 0x04, 0x8e, 0x92, 0x3d, 0xcf, 0xc0, 0xaf, 0x21,
  0xab, 0x63, 0xda, 0x9a, 0xae, 0xc3, 0xd1, 0x94, 0x40, 0x1f, 0xe6, 0x47,
  0x0f, 0x01, 0x9b, 0x0d, 0x3e, 0x02, 0xbc, 0xc3, 0x90, 0x1f, 0x8b, 0xcb,
  0x09, 0x17, 0x43, 0x95, 0xd6, 0x49, 0x4d, 0x3a, 0x39, 0xda, 0x9d, 0xba,
  0x1f, 0x01, 0x22, 0x3c, 0x57, 0x55, 0x90, 0xc2, 0xb5, 0x2d, 0xd0, 0xd7,
  0x25, 0xe5, 0x3b, 0xb8, 0xd7, 0x49, 0x38, 0x0e, 0x9c, 0xfa, 0xf1, 0x57,
  0xc1, 0x5c, 0x8f, 0xf0, 0x60, 0xa3, 0x40, 0x50, 0xd8, 0x59, 0xf6, 0x8f,
  0x37, 0x81, 0xdf, 0xae, 0x25, 0xb1, 0x2e, 0x9f, 0x34, 0x1f, 0xd0, 0x9b,
  0xe3, 0x54, 0xae, 0x98, 0x27, 0xea, 0x3d, 0x9f, 0x03, 0xd3, 0xb3, 0xa4,
  0xb0, 0xda, 0xd7, 0x8f, 0x96, 0x1d, 0x95, 0xca, 0x5b, 0x1d, 0xf8, 0x94,
  0xe9, 0x22, 0x34, 0xf7, 0xe0, 0xdb, 0xc2, 0xb2, 0xa6, 0xc5, 0x1c, 0xb5,
  0xcd, 0x1a, 0x07, 0xc3, 0xcb, 0xaa, 0x89, 0x27, 0xa6, 0x4c, 0x50, 0x04,
  0xa4, 0xa7, 0x01, 0xf0, 0xbd, 0xe3, 0xb8, 0x41, 0x8a, 0xc3, 0x52, 0xb1,
  0x23, 0xc0, 0xef, 0xf1, 0xb5, 0xc4, 0x1b, 0x1d, 0x31, 0xf2, 0xf4, 0xae,
  0x50, 0x0b, 0xc9, 0x34, 0x4d, 0x4a, 0x30, 0xa5, 0xbf, 0xae, 0x0f, 0x94,
  0x03, 0x46, 0xa4, 0xc2, 0x45, 0xd5, 0x3e, 0xe1, 0x23, 0xed, 0x20, 0xb8,
  0xfd, 0x8d, 0xe0, 0xa1, 0x8e, 0xe6, 0x17, 0x1d, 0x2b, 0xb7, 0xc0, 0x91,
  0xc4, 0x39, 0xa7, 0x39, 0xcf, 0xdb, 0xcd, 0x9e, 0xaa, 0xd5, 0x9b, 0xb9,
  0x01, 0xc7, 0x35, 0x82, 0x07, 0xb8, 0x02, 0xb3, 0x52, 0xb5, 0x03, 0x38,
  0x57, 0xf9, 0x9b, 0xb4, 0x8e, 0x03, 0x31, 0xf5, 0xae, 0x52, 0x86, 0x54,
  0x0f, 0x2e, 0x32, 0x87, 0x55, 0xa2, 0x33, 0x98, 0xfb, 0x8b, 0xf9, 0x86,
  0xb3, 0x42, 0xbb, 0x90, 0xf3, 0xab, 0x06, 0x0b, 0xbc, 0x51, 0x3c, 0x44,
  0x11, 0x5f, 0xf0, 0xb0, 0x03, 0xb7, 0x9b, 0x52, 0x0a, 0xad, 0xe4, 0x4b,
  0xee, 0xe2, 0x19, 0x14, 0x28, 0xfc, 0xda, 0x34, 0x18, 0x22, 0x22, 0x34,
  0xee, 0xf8, 0x18, 0x14, 0x02, 0xfb, 0xfe, 0x04, 0xfb, 0xe7, 0x03, 0xd1,
  0x1b, 0xf4, 0x0d, 0xec, 0x12, 0xd2, 0xf0, 0x17, 0x03, 0x23, 0x0e, 0xfd,
  0xdf, 0xe4, 0x16, 0x25, 0x02, 0x0c, 0xec, 0xcf, 0xf6, 0x0d, 0xed, 0xd8,
  0xd0, 0x09, 0x12, 0x06, 0x0f, 0x1b, 0x15, 0x2d, 0x13, 0x29, 0x0b, 0x14,
  0x02, 0xfd, 0x1c, 0x04, 0x15, 0x0f, 0xb9, 0xf6, 0xdf, 0x26, 0xf7, 0x24,
  0x12, 0x02, 0xf9, 0xee, 0xf5, 0xf7, 0xed, 0x09, 0x07, 0x0c, 0x0b, 0x08,
  0xc6, 0xde, 0x19, 0xae, 0xd4, 0x86, 0xdb, 0xf2, 0xf1, 0xca, 0xe3, 0x1a,
  0xf0, 0x09, 0xf9, 0xf6, 0xf4, 0x2a, 0x18, 0x0c, 0x00, 0x01, 0xec, 0xed,
  0xf4, 0x10, 0x13, 0xfb, 0xf3, 0x06, 0xf1, 0x04, 0x1e, 0x08, 0x37, 0x1d,
  0x27, 0x02, 0x0c, 0x03, 0x06, 0x2c, 0x22, 0x1a, 0x03, 0x16, 0xf7, 0x17,
  0xed, 0xef, 0x05, 0xfc, 0xef, 0x04, 0x2b, 0x0e, 0xf4, 0xfa, 0x0f, 0x00,
  0x93, 0x04, 0x0d, 0x07, 0x07, 0x02, 0x23, 0x06, 0xe0, 0xd8, 0xfe, 0x0b,
  0x00, 0xec, 0xf4, 0xe7, 0x08, 0xd0, 0xe9, 0x20, 0xb0, 0xe6, 0xfd, 0xba,
  0xcf, 0xfa, 0x1a, 0xf9, 0x15, 0xf2, 0x24, 0xff, 0x81, 0xe9, 0x08, 0xe3,
  0xca, 0xfb, 0xa9, 0xab, 0xd6, 0xcd, 0xf1, 0x0d, 0x10, 0x9c, 0xe0, 0xc7,
  0xf6, 0xd4, 0xe4, 0xdb, 0x04, 0xdb, 0xdc, 0xd0, 0xae, 0xc5, 0xa7, 0x17,
  0xf0, 0x0c, 0x5e, 0x0b, 0xc2, 0xcc, 0xf2, 0xd2, 0xf2, 0x0b, 0xe9, 0xb9,
  0x31, 0xe2, 0xf6, 0xef, 0x17, 0xa7, 0x05, 0xe7, 0x0e, 0xfa, 0x61, 0x08,
  0xb6, 0x07, 0xcf, 0xf7, 0x09, 0x46, 0x2a, 0xe5, 0x0b, 0x19, 0x25, 0xef,
  0xe3, 0x1d, 0x16, 0xfd, 0x12, 0xcc, 0x0d, 0xf2, 0x26, 0xf5, 0xf5, 0xf7,
  0xea, 0x3a, 0xc4, 0x05, 0xf4, 0x19, 0xf8, 0x08, 0xd1, 0x33, 0x2e, 0x14,
  0x6d, 0x2e, 0xf4, 0xdc, 0x09, 0x09, 0xb8, 0xfa, 0x2c, 0x1b, 0x04, 0x28,
  0x1d, 0x26, 0x17, 0x30, 0x0c, 0x1d, 0xfe, 0x10, 0x03, 0x30, 0x25, 0x33,
  0xfc, 0xfb, 0x16, 0x07, 0xe8, 0x00, 0x0d, 0xfb, 0x17, 0x55, 0x13, 0xea,
  0xeb, 0x06, 0xec, 0xef, 0xee, 0x0a, 0xee, 0xfa, 0xd8, 0xfe, 0xef, 0xfd,
  0x1f, 0x17, 0xfe, 0xef, 0xe8, 0xf4, 0xfe, 0xc9, 0x13, 0x1c, 0x03, 0x1a,
  0xcc, 0x17, 0x14, 0x3b, 0x19, 0x3d, 0x12, 0xbe, 0xf9, 0x1b, 0xd4, 0x0b,
  0x20, 0x19, 0x15, 0x20, 0x23, 0x10, 0x23, 0x0b, 0x1c, 0x2a, 0xff, 0xed,
  0xfd, 0x3d, 0x1b, 0x1f, 0xf2, 0xeb, 0xf5, 0xfa, 0xf2, 0x1f, 0xf2, 0x15,
  0x1a, 0x24, 0xf7, 0xf6, 0x12, 0x0c, 0xe5, 0x16, 0x05, 0xfb, 0xf3, 0xff,
  0x18, 0x0f, 0x22, 0x09, 0x08, 0x24, 0xfb, 0xeb, 0xf5, 0x14, 0x13, 0x1c,
  0x02, 0xde, 0xdd, 0xf3, 0xf7, 0x11, 0xe1, 0xee, 0x81, 0xf5, 0xe7, 0xce,
  0xef, 0xe0, 0xda, 0xeb, 0xb2, 0xe4, 0x04, 0xee, 0xd7, 0xd8, 0xf6, 0xf9,
  0xaf, 0xbf, 0xde, 0xf0, 0xf6, 0x1a, 0xc1, 0xf0, 0xf9, 0x0b, 0x1b, 0x0b,
  0xf6, 0x1f, 0xfb, 0x14, 0x2d, 0xfe, 0x2d, 0x09, 0x09, 0x07, 0x01, 0x03,
  0x2e, 0x1c, 0x04, 0xf9, 0x37, 0x18, 0x0e, 0x1f, 0x21, 0x1e, 0x10, 0x03,
  0xe9, 0xf1, 0x0c, 0x21, 0x13, 0x00, 0xb8, 0x13, 0x09, 0x26, 0xf3, 0xd2,
  0x10, 0xea, 0x4e, 0x06, 0xea, 0xdf, 0x2b, 0xff, 0xde, 0xec, 0xfe, 0xfe,
  0xda, 0xec, 0xe5, 0xdf, 0xd5, 0xd5, 0x0a, 0x12, 0x16, 0xc6, 0xfc, 0xe6,
  0x10, 0x11, 0x18, 0x01, 0x15, 0x02, 0x1d, 0xe9, 0xbe, 0xe4, 0xe8, 0xfc,
  0xf8, 0x16, 0xe0, 0x06, 0x0f, 0xf9, 0x10, 0x00, 0x0a, 0x29, 0x0b, 0x20,
  0x40, 0x3c, 0x0f, 0x16, 0xf8, 0xf3, 0x1a, 0x0d, 0x0f, 0x03, 0x07, 0x0f,
  0x20, 0x1c, 0x0a, 0x01, 0x1f, 0x10, 0xed, 0x00, 0xeb, 0x1c, 0x06, 0x0c,
  0x1b, 0x11, 0xfd, 0x0b, 0xfd, 0x0c, 0x2b, 0x0b, 0x34, 0x4f, 0x12, 0x05,
  0x0e, 0xfe, 0x24, 0x14, 0x0f, 0xf9, 0xcd, 0xf1, 0x1b, 0xa8, 0x0d, 0xe4,
  0x0b, 0xb2, 0xcc, 0x49, 0x13, 0xe7, 0x54, 0x18, 0xe2, 0xe2, 0x06, 0xfd,
  0xde, 0x03, 0xbf, 0xd9, 0xfd, 0xff, 0x04, 0x16, 0xe8, 0xa3, 0x07, 0xe7,
  0xf8, 0x01, 0xf0, 0x01, 0xff, 0xfe, 0xf3, 0x01, 0xf5, 0x1d, 0x0c, 0x00,
  0xfb, 0x02, 0xfb, 0xfd, 0xf9, 0x01, 0xff, 0x01, 0x02, 0xf6, 0xf3, 0x0b,
  0xfc, 0xe3, 0xee, 0xf1, 0xec, 0x28, 0xfc, 0xfc, 0x0d, 0x00, 0x08, 0x01,
  0xf4, 0x05, 0x15, 0x34, 0xde, 0x01, 0xf9, 0x06, 0x05, 0x03, 0x0b, 0xf5,
  0xef, 0x08, 0xfa, 0xfb, 0x13, 0x07, 0x2e, 0x3e, 0x16, 0x1b, 0x04, 0x0f,
  0x05, 0x21, 0x07, 0xff, 0xf7, 0x0a, 0x03, 0x05, 0x14, 0xfb, 0x0b, 0x42,
  0x1c, 0x0e, 0x21, 0x08, 0x07, 0x03, 0x0b, 0x0c, 0x07, 0x01, 0x02, 0x0d,
  0x13, 0x1a, 0xea, 0x29, 0x07, 0x43, 0x0a, 0xfc, 0x08, 0x58, 0x09, 0x04,
  0x07, 0xec, 0xd2, 0xfc, 0xf1, 0x16, 0xec, 0xb8, 0xea, 0xed, 0x02, 0xe6,
  0x0c, 0xe6, 0xf9, 0xfd, 0xeb, 0xff, 0x01, 0x0a, 0xd0, 0xf2, 0xdf, 0x81,
  0xca, 0xa2, 0x09, 0x08, 0x00, 0x61, 0xe1, 0x0a, 0x08, 0xfe, 0xc8, 0xff,
  0x28, 0x03, 0xea, 0xd1, 0x19, 0xc0, 0xe6, 0x13, 0x0b, 0xeb, 0x0c, 0x02,
  0xfd, 0xf5, 0x09, 0x03, 0xe6, 0xe7, 0xd7, 0xb8, 0xf8, 0xdd, 0xfa, 0x06,
  0x08, 0x9c, 0xee, 0xee, 0xfa, 0x0f, 0x24, 0xff, 0x01, 0xdd, 0x21, 0x01,
  0x08, 0xf3, 0xfc, 0x17, 0x01, 0x23, 0xf9, 0x01, 0x04, 0x26, 0x0d, 0xff,
  0x1a, 0x19, 0xd9, 0x19, 0x52, 0x4d, 0x0b, 0xf2, 0x13, 0xec, 0x29, 0x17,
  0xfa, 0xe1, 0xc9, 0x03, 0x0d, 0xcf, 0x39, 0xc7, 0x12, 0xb6, 0x0e, 0x15,
  0xf2, 0xec, 0x2d, 0x04, 0x29, 0xeb, 0x0c, 0xe2, 0xcf, 0x1f, 0xab, 0xa7,
  0x0d, 0xe7, 0x06, 0xfc, 0x03, 0xe0, 0x1a, 0xf4, 0xee, 0xd8, 0xa7, 0x08,
  0x0d, 0xd7, 0x04, 0xba, 0xe5, 0xc3, 0x44, 0x17, 0x06, 0xf4, 0x27, 0x13,
  0x2e, 0xd6, 0xff, 0xde, 0xb7, 0xf9, 0xc7, 0xb3, 0xf6, 0xff, 0xf6, 0x07,
  0xfc, 0x2e, 0xdd, 0xe3, 0xfa, 0xfa, 0x1e, 0xef, 0xf8, 0x0b, 0x1f, 0xe6,
  0xe2, 0xfc, 0x07, 0xf9, 0x04, 0x1f, 0xf6, 0xff, 0x18, 0xf2, 0x07, 0xff,
  0xee, 0x24, 0x06, 0xe8, 0x2b, 0x17, 0x0a, 0xf0, 0xf7, 0x15, 0x19, 0xf1,
  0xe8, 0xf9, 0x26, 0xfe, 0xeb, 0x00, 0x0c, 0x0f, 0xd1, 0x33, 0x1f, 0xe7,
  0x01, 0x05, 0xef, 0xfe, 0xb3, 0x00, 0xe7, 0xe8, 0x24, 0x07, 0xec, 0xf5,
  0x20, 0x15, 0xf5, 0x0e, 0x19, 0x21, 0xf6, 0x09, 0x0b, 0x05, 0x21, 0xf5,
  0xc4, 0x2c, 0xfb, 0x51, 0xdf, 0x27, 0xf5, 0xef, 0x0b, 0x32, 0xdf, 0xd9,
  0x0e, 0x21, 0x1c, 0x0a, 0x24, 0xf1, 0x39, 0x17, 0x4a, 0x2c, 0x19, 0x09,
  0x17, 0xec, 0x0f, 0x27, 0xf9, 0x0a, 0xa2, 0x1e, 0x2e, 0xdb, 0xea, 0xfe,
  0x60, 0xee, 0x16, 0x2a, 0xe6, 0xde, 0x0f, 0x29, 0x40, 0xe3, 0x1b, 0x0b,
  0xe8, 0x0b, 0xdc, 0xd5, 0xf1, 0xff, 0x10, 0x0b, 0xf6, 0x81, 0x36, 0xfd,
  0xe6, 0xf8, 0x40, 0xd9, 0x13, 0xd5, 0xc4, 0x1c, 0x09, 0x02, 0xc5, 0xe0,
  0x07, 0xe1, 0xd5, 0xfc, 0x1d, 0x2c, 0xef, 0x1e, 0x0f, 0xe5, 0xf3, 0xfc,
  0xea, 0x0b, 0xd9, 0x05, 0x16, 0xd3, 0xeb, 0x1d, 0x1c, 0x19, 0x02, 0xfe,
  0xf7, 0xe5, 0xc6, 0x15, 0xd7, 0xfd, 0xa5, 0xe9, 0x0a, 0xeb, 0xb6, 0xf5,
  0xec, 0x14, 0xe9, 0xf7, 0x1e, 0xda, 0x03, 0x08, 0x0a, 0x1b, 0xef, 0xe7,
  0xf9, 0x16, 0xd9, 0x20, 0xea, 0x19, 0xd3, 0xda, 0xef, 0xf0, 0x0e, 0x29,
  0x0d, 0x28, 0xdb, 0x0b, 0xf2, 0xeb, 0x10, 0xe3, 0xec, 0x0b, 0xfc, 0x18,
  0xee, 0x10, 0xf6, 0x15, 0xda, 0xed, 0x12, 0x1d, 0xec, 0xf3, 0x25, 0xf4,
  0x14, 0x08, 0x54, 0xf2, 0x23, 0x0b, 0x5c, 0x2c, 0x15, 0x3b, 0xe7, 0xe9,
  0xed, 0x3d, 0xd6, 0xec, 0x2f, 0x21, 0xf3, 0x18, 0x2b, 0x51, 0x10, 0x44,
  0x60, 0x4c, 0x1a, 0xf5, 0xeb, 0xff, 0x29, 0x1d, 0xfc, 0x1d, 0x02, 0xde,
  0xd2, 0xe1, 0x07, 0x08, 0x00, 0xbc, 0xdc, 0xe9, 0xf8, 0x04, 0x17, 0x0b,
  0x03, 0x00, 0xf5, 0xe4, 0x30, 0x23, 0xbd, 0xdc, 0x12, 0xe7, 0x07, 0x03,
  0xe0, 0xad, 0x29, 0xf9, 0x0e, 0xcd, 0xe2, 0xd7, 0xf1, 0xef, 0xd4, 0xd5,
  0xe4, 0xf5, 0x4f, 0x06, 0xe8, 0xbe, 0x09, 0xfa, 0xdf, 0xde, 0xf5, 0x02,
  0xf3, 0xc9, 0xe0, 0xf9, 0xc6, 0xf1, 0xd2, 0x0f, 0x0e, 0xda, 0xc2, 0xd3,
  0x03, 0xf9, 0x19, 0x12, 0xff, 0xf9, 0xff, 0x0c, 0x01, 0xf6, 0x00, 0x08,
  0x00, 0x08, 0x11, 0xfe, 0xf0, 0x0a, 0x09, 0xfd, 0x18, 0x08, 0x01, 0x16,
  0x16, 0x37, 0x09, 0x0d, 0xf6, 0xc3, 0xfd, 0x04, 0xfe, 0x02, 0xe8, 0x01,
  0xfa, 0xfa, 0xe3, 0x12, 0xee, 0xf7, 0xfc, 0xf9, 0x05, 0x03, 0xfc, 0x05,
  0xd3, 0xf1, 0xfe, 0x04, 0xf7, 0xe9, 0xdd, 0x0c, 0xf9, 0x19, 0xee, 0x04,
  0xf4, 0xcc, 0xf0, 0xf8, 0xf5, 0xf3, 0xd1, 0xe3, 0x01, 0x0a, 0xd4, 0x0d,
  0x02, 0x06, 0x06, 0xec, 0xf8, 0xf2, 0xd2, 0xf9, 0x16, 0x17, 0xf3, 0x07,
  0x0f, 0xdd, 0xd8, 0xf7, 0xf1, 0xd5, 0xec, 0xff, 0xf9, 0xf1, 0xc8, 0x11,
  0x01, 0xff, 0xe0, 0x0f, 0x0b, 0x18, 0x17, 0xff, 0x06, 0x0e, 0x1d, 0x07,
  0xf4, 0xf9, 0x02, 0x01, 0x01, 0x00, 0xef, 0x0a, 0xf5, 0x07, 0x0c, 0x04,
  0xe2, 0xf3, 0xfa, 0x02, 0x06, 0xe7, 0x11, 0x0d, 0x0a, 0x09, 0xe1, 0xff,
  0xe3, 0xe8, 0xed, 0xd8, 0xea, 0xbf, 0xf9, 0xfc, 0xfe, 0xf4, 0x03, 0xf9,
  0xe7, 0xff, 0x07, 0xef, 0xf6, 0xe5, 0xc7, 0xf7, 0xd6, 0xe5, 0xf2, 0xfa,
  0x09, 0xbc, 0xe7, 0xf0, 0xf0, 0x08, 0x10, 0xf5, 0xfe, 0xdd, 0x1c, 0xe0,
  0xfa, 0xe9, 0xea, 0xf3, 0x0b, 0x10, 0x12, 0x02, 0xff, 0x01, 0xf5, 0xfa,
  0x02, 0x0f, 0xba, 0x07, 0x17, 0x02, 0x04, 0x04, 0x0b, 0x81, 0x29, 0xf0,
  0x01, 0x07, 0xda, 0xf3, 0x2a, 0xfa, 0xf6, 0x0b, 0xfc, 0x10, 0x05, 0x1d,
  0x05, 0x09, 0x18, 0x07, 0x16, 0xf1, 0xf1, 0x09, 0xfa, 0xfd, 0xf0, 0x06,
  0x03, 0xf7, 0xf0, 0x08, 0xf1, 0xf2, 0x08, 0xf7, 0x00, 0xf8, 0x12, 0xfb,
  0x3a, 0xef, 0x0e, 0x0a, 0xf8, 0x08, 0x2c, 0x11, 0xfd, 0x0b, 0x1b, 0x06,
  0x0b, 0x09, 0xf0, 0xff, 0x00, 0x05, 0xf3, 0x0b, 0x06, 0x21, 0x0f, 0xfe,
  0x05, 0x0d, 0xf9, 0xf3, 0xfa, 0x14, 0x20, 0x04, 0x3f, 0x17, 0x19, 0x0e,
  0x0d, 0xf1, 0x09, 0x33, 0xf9, 0x12, 0x00, 0x14, 0x33, 0x0b, 0xf0, 0x02,
  0x1f, 0x15, 0x12, 0x25, 0x13, 0x26, 0x10, 0x0b, 0xfd, 0x1f, 0x13, 0x1b,
  0x03, 0xff, 0xee, 0x07, 0x08, 0xe7, 0x02, 0x98, 0x0b, 0xd9, 0x28, 0x15,
  0xf1, 0xf7, 0x15, 0x02, 0x01, 0xf7, 0x0e, 0xfe, 0xf5, 0x04, 0xb7, 0xd1,
  0x06, 0x08, 0xfa, 0xf5, 0xfc, 0x13, 0x04, 0xe1, 0xf0, 0x03, 0x0c, 0x08,
  0x02, 0x00, 0x0d, 0x0e, 0xfd, 0x19, 0x0a, 0x0f, 0x00, 0x22, 0x0e, 0x0b,
  0x03, 0x0d, 0xff, 0xfa, 0x04, 0x01, 0x17, 0xfe, 0x36, 0x1d, 0x12, 0x05,
  0x08, 0xff, 0x0a, 0xfc, 0x06, 0x1e, 0x27, 0x04, 0xfa, 0xf4, 0x17, 0x31,
  0xfe, 0x30, 0xef, 0xf0, 0x01, 0x10, 0xf0, 0xf6, 0x06, 0x13, 0xf2, 0x15,
  0x20, 0x0a, 0x07, 0x3f, 0x3c, 0x41, 0x00, 0xf5, 0xf7, 0x23, 0x29, 0x1a,
  0x01, 0xe3, 0xd5, 0xf6, 0x30, 0xdc, 0xfd, 0xbb, 0x0d, 0xd9, 0x12, 0x29,
  0x0c, 0xe0, 0x1a, 0x14, 0xf0, 0xe3, 0xf3, 0xe8, 0xb0, 0xf6, 0xb5, 0xb7,
  0xf9, 0xc3, 0xfe, 0x07, 0x08, 0xd7, 0x0c, 0xe4, 0xfd, 0xf1, 0xf6, 0x07,
  0xfd, 0xfd, 0x0c, 0xcf, 0xce, 0xd5, 0x07, 0xfc, 0xf1, 0xf4, 0xfe, 0xf9,
  0xc3, 0xd6, 0x07, 0xe8, 0xb6, 0xe3, 0xde, 0xbb, 0x02, 0x18, 0xfe, 0x0e,
  0xfc, 0xeb, 0x07, 0xef, 0xfe, 0x02, 0xd3, 0xf5, 0xd2, 0x0b, 0xf7, 0xea,
  0xdc, 0xe3, 0xdc, 0xe2, 0x07, 0xfa, 0xc9, 0xdf, 0xf6, 0xdd, 0xfa, 0xfb,
  0xfa, 0x00, 0x13, 0x0d, 0x1c, 0x11, 0xf5, 0xf7, 0x02, 0x08, 0x02, 0xe9,
  0xf3, 0xeb, 0xf5, 0xfe, 0x12, 0xe2, 0x11, 0xd6, 0x03, 0xd9, 0x00, 0x1e,
  0xfa, 0xe7, 0x05, 0x05, 0xe8, 0xdb, 0x0d, 0xe9, 0xc1, 0x0f, 0xce, 0xb9,
  0x02, 0xf9, 0x01, 0xf2, 0xff, 0xf8, 0xf9, 0xec, 0xf8, 0xef, 0xf7, 0xec,
  0x0d, 0xef, 0xd5, 0xf3, 0x0b, 0xee, 0xd9, 0x01, 0x0e, 0xd5, 0xe4, 0xf0,
  0xf4, 0x06, 0xff, 0xf4, 0xec, 0xfd, 0xd3, 0xe0, 0xf5, 0x05, 0xee, 0xf2,
  0x01, 0xfb, 0xf2, 0xfe, 0xf9, 0xfc, 0xd5, 0xe1, 0x09, 0xd8, 0xb9, 0xea,
  0xeb, 0xe9, 0xb2, 0xec, 0xfe, 0xed, 0xc7, 0xd7, 0xeb, 0xf2, 0xfb, 0xf8,
  0xfc, 0xbc, 0xfb, 0xce, 0xce, 0x81, 0xf0, 0xf3, 0xf4, 0x0f, 0xcb, 0xf3,
  0xb2, 0x28, 0xb5, 0xbc, 0xe2, 0x96, 0xbe, 0xc1, 0xd0, 0xef, 0x17, 0xd8,
  0x61, 0xe4, 0x2b, 0x25, 0x14, 0x52, 0xdf, 0xf8, 0x94, 0xcb, 0xf4, 0x11,
  0xe2, 0x3c, 0xf2, 0xab, 0x3c, 0xd8, 0x33, 0x61, 0xf3, 0x02, 0x3f, 0xa4,
  0xea, 0x81, 0xf7, 0xbd, 0x11, 0xf1, 0x32, 0xa5, 0x3d, 0xb3, 0xe2, 0xac,
  0xbb, 0xb6, 0x29, 0x19, 0x45, 0xb6, 0xd5, 0xa4, 0xb4, 0xcd, 0xa8, 0x1c,
  0xd8, 0x98, 0xba, 0x39, 0x9c, 0xfb, 0xe2, 0x9a, 0xcf, 0xb8, 0xd4, 0xac,
  0xe5, 0x96, 0x46, 0xc5, 0xc6, 0x34, 0x24, 0xcf, 0x19, 0x8f, 0x3c, 0xa1,
  0xb2, 0x55, 0xca, 0xe5, 0xb3, 0xbb, 0x26, 0x19, 0x1b, 0x52, 0xa5, 0xc5,
  0x32, 0xd2, 0x08, 0x1a, 0x2c, 0xc8, 0x50, 0xad, 0xa1, 0xd8, 0x05, 0x93,
  0xdb, 0x99, 0xbb, 0xb5, 0xb1, 0x35, 0x48, 0xb9, 0x04, 0x92, 0x9e, 0x0b,
  0x31, 0x4c, 0x32, 0xb8, 0xd0, 0x4e, 0xbc, 0x99, 0xdd, 0xa2, 0x4d, 0x15,
  0x03, 0xab, 0x99, 0x15, 0xb4, 0x18, 0x28, 0x86, 0x4f, 0xe4, 0xcc, 0xb0,
  0x12, 0xcd, 0xd2, 0x47, 0x99, 0xb6, 0xe6, 0xfc, 0x5f, 0x3c, 0xfe, 0xc3,
  0x36, 0x12, 0xb1, 0xd0, 0x9a, 0x02, 0x26, 0xd1, 0xaf, 0x90, 0x03, 0x16,
  0x12, 0x2d, 0xee, 0xbb, 0xaa, 0xcc, 0x9a, 0xb8, 0xcd, 0x42, 0xef, 0xc6,
  0x95, 0x46, 0x11, 0x93, 0xc4, 0xd6, 0x22, 0x45, 0x2d, 0x12, 0x9c, 0x44,
  0x4e, 0xb5, 0x49, 0xb8, 0x03, 0x94, 0x67, 0xbe, 0xbc, 0xa1, 0x1b, 0x12,
  0x27, 0xc3, 0xae, 0x38, 0x26, 0xaf, 0xcc, 0x4a, 0xca, 0x2c, 0x09, 0xeb,
  0x1f, 0x2f, 0x98, 0x43, 0x35, 0xaa, 0xd5, 0x6b, 0xad, 0x16, 0xea, 0xe6,
  0xbb, 0xa4, 0x22, 0xa0, 0x33, 0x47, 0x05, 0x0c, 0x6e, 0xd5, 0xdc, 0xcc,
  0x47, 0xe9, 0x3b, 0xf9, 0x4e, 0x10, 0x9f, 0x3c, 0xc3, 0xb8, 0x04, 0x9d,
  0x30, 0xe3, 0x9a, 0xd6, 0xe6, 0xa8, 0x27, 0x51, 0xad, 0xf9, 0x54, 0xc7,
  0x03, 0xc5, 0xe6, 0xb3, 0xbd, 0x40, 0x34, 0x9c, 0xaf, 0xf7, 0x92, 0x55,
  0xcf, 0x2f, 0xca, 0x14, 0xa3, 0xba, 0x40, 0xff, 0x67, 0x17, 0x8f, 0x8f,
  0xfd, 0x02, 0x0b, 0x0f, 0x1a, 0x54, 0xe3, 0xef, 0x09, 0x2e, 0x14, 0x0c,
  0xed, 0xfd, 0x0b, 0x0a, 0x13, 0x1e, 0x16, 0x0b, 0xea, 0xc9, 0x07, 0xed,
  0x01, 0x0b, 0x01, 0x04, 0x13, 0xf5, 0xe3, 0x0f, 0x06, 0xef, 0xd2, 0x06,
  0x19, 0x16, 0xf1, 0xf9, 0xac, 0xca, 0xbc, 0x01, 0x0a, 0xd3, 0xfe, 0xfb,
  0x13, 0xe4, 0x0c, 0xf1, 0xea, 0xe4, 0x23, 0xd8, 0xe2, 0xb8, 0xf5, 0xea,
  0x15, 0xcf, 0xcf, 0x01, 0x0a, 0x0c, 0x4b, 0x0d, 0xe0, 0x0f, 0xf7, 0x5a,
  0x41, 0x74, 0xf2, 0xec, 0xf9, 0x09, 0x09, 0x05, 0x14, 0x1c, 0x06, 0x0f,
  0x13, 0xf6, 0x0f, 0x0d, 0x17, 0x16, 0x06, 0xf3, 0xe6, 0x1e, 0x10, 0x03,
  0xf9, 0x27, 0x07, 0x0f, 0xf7, 0xcd, 0x14, 0x33, 0xff, 0x2c, 0x20, 0xfa,
  0xf7, 0x13, 0x42, 0x15, 0x1f, 0x2b, 0x01, 0xf2, 0x09, 0x16, 0xd6, 0x10,
  0x0a, 0xeb, 0x0b, 0xfb, 0x0a, 0x34, 0x07, 0xf8, 0xf0, 0xd9, 0xb3, 0xd8,
  0x24, 0x10, 0x1a, 0xd3, 0xa6, 0x0a, 0x25, 0x03, 0x13, 0xfa, 0xc5, 0xe4,
  0xec, 0xcd, 0xf4, 0xf1, 0xfb, 0x15, 0xed, 0xf1, 0xf5, 0xe6, 0x0e, 0x00,
  0xe1, 0x22, 0x0f, 0x0e, 0xe7, 0xe3, 0xff, 0xf1, 0x06, 0x2a, 0xea, 0x1c,
  0xbe, 0xf3, 0xe9, 0x01, 0xe8, 0xfb, 0xcc, 0x03, 0x96, 0xfd, 0xec, 0xf1,
  0xec, 0xd6, 0xf4, 0xe2, 0x0c, 0x0b, 0xf7, 0x04, 0xfc, 0xbf, 0xe2, 0x1c,
  0xee, 0x14, 0xe6, 0x20, 0x49, 0x25, 0x03, 0x45, 0x5c, 0x0d, 0x8d, 0x60,
  0x00, 0x02, 0x8d, 0x0a, 0xf4, 0x10, 0x11, 0x3d, 0x25, 0x35, 0x33, 0xf9,
  0xe7, 0xcd, 0xfb, 0xff, 0xfe, 0xd4, 0x0b, 0x48, 0x0c, 0xfb, 0xde, 0xe1,
  0x73, 0xf8, 0xad, 0x15, 0x0d, 0xdc, 0xc8, 0x60, 0x02, 0xa8, 0x22, 0x26,
  0x1d, 0x05, 0xef, 0xf7, 0xd8, 0x89, 0x26, 0xef, 0x8a, 0xb9, 0xf3, 0x07,
  0xf2, 0x33, 0x9a, 0x00, 0xf6, 0xc9, 0x9e, 0xc7, 0x1f, 0xe7, 0x03, 0x00,
  0x81, 0xc7, 0xad, 0x55, 0x0c, 0x02, 0x4e, 0xf6, 0x09, 0xdb, 0xeb, 0xe5,
  0xee, 0x17, 0xf3, 0xb1, 0x2c, 0xd1, 0x02, 0x15, 0xfc, 0xb0, 0x0e, 0xff,
  0xeb, 0x0a, 0xeb, 0x05, 0x13, 0xf3, 0x0f, 0x05, 0x03, 0xfd, 0xeb, 0x04,
  0xf1, 0xf5, 0xf8, 0xfc, 0x00, 0x07, 0xf9, 0xeb, 0x11, 0x0b, 0xeb, 0xfc,
  0x17, 0x03, 0xeb, 0x08, 0x06, 0xdf, 0x0e, 0xf9, 0xed, 0xeb, 0xf5, 0xfa,
  0xf1, 0xf5, 0x12, 0x02, 0xf0, 0xf5, 0xf1, 0xfc, 0xfa, 0x0e, 0xf4, 0xf2,
  0x0e, 0xf9, 0xff, 0xe8, 0xf2, 0x04, 0x00, 0xf7, 0xe6, 0xeb, 0x07, 0xf7,
  0xed, 0xe1, 0xfc, 0x03, 0x06, 0xfc, 0xe7, 0xf9, 0xf1, 0xf5, 0x09, 0xef,
  0xf4, 0x0e, 0xe8, 0x0a, 0xec, 0xf3, 0x0b, 0x0a, 0x0c, 0x17, 0x11, 0xeb,
  0x02, 0x00, 0x00, 0xf9, 0xf4, 0x0e, 0x05, 0xeb, 0xf6, 0xee, 0x0c, 0xee,
  0xf8, 0xf9, 0x18, 0x11, 0x1a, 0x01, 0x1e, 0xaa, 0xfc, 0xbc, 0x15, 0x1d,
  0xf1, 0x09, 0x0a, 0xf9, 0xe2, 0x06, 0xf1, 0xfa, 0x15, 0x03, 0xd8, 0x25,
  0xe4, 0x04, 0xf5, 0xfa, 0xfa, 0xfb, 0xfe, 0x03, 0xfb, 0xef, 0x0c, 0x08,
  0x1b, 0xcf, 0x11, 0xba, 0x17, 0xd6, 0xda, 0x0d, 0xfd, 0xf4, 0x1c, 0x0f,
  0x0b, 0xfe, 0x06, 0x03, 0x12, 0x20, 0xba, 0x31, 0x2b, 0x30, 0x0a, 0xed,
  0xff, 0x87, 0x1e, 0x1a, 0x12, 0x0d, 0x1c, 0xf5, 0x0b, 0xc3, 0x0b, 0xbb,
  0x01, 0x00, 0x0d, 0x16, 0x03, 0x03, 0x18, 0xff, 0x11, 0xf6, 0xff, 0x04,
  0x2f, 0x32, 0xa8, 0x58, 0x41, 0x78, 0x13, 0x09, 0xfc, 0x01, 0x38, 0xf5,
  0xfa, 0xc0, 0xdd, 0xb5, 0xc9, 0xb6, 0xed, 0xdb, 0xe9, 0xdb, 0x9f, 0xc4,
  0xff, 0xcb, 0x1a, 0xf2, 0xe9, 0xe0, 0x10, 0xd3, 0xcb, 0xad, 0xf2, 0xbc,
  0x81, 0xc6, 0xd5, 0x05, 0x12, 0x23, 0xd4, 0xfa, 0xf7, 0xe4, 0xf2, 0xb6,
  0xcc, 0xc4, 0x1d, 0xbe, 0x98, 0xc7, 0xc2, 0xb3, 0x09, 0xf3, 0xf7, 0xc9,
  0xa7, 0xbc, 0xfc, 0xcd, 0xb5, 0x0b, 0xf2, 0xf4, 0xfa, 0x0e, 0x02, 0xf7,
  0x11, 0x2e, 0x19, 0xe9, 0xf2, 0x16, 0x19, 0xb1, 0xb9, 0xcd, 0x48, 0xdb,
  0x05, 0xe9, 0xb7, 0xe6, 0x12, 0x19, 0xfa, 0xd6, 0xce, 0xf8, 0xfa, 0xde,
  0xf0, 0x47, 0x0a, 0x1e, 0x48, 0x35, 0xf3, 0x06, 0x03, 0x39, 0x4a, 0xf3,
  0x04, 0x0c, 0x0a, 0xf6, 0x0c, 0xdb, 0x12, 0x19, 0x16, 0xff, 0x0b, 0x11,
  0xf6, 0x15, 0xf6, 0x04, 0x0a, 0x14, 0xeb, 0x05, 0x1b, 0x35, 0xe5, 0x30,
  0x38, 0x38, 0xfe, 0x10, 0x0a, 0x15, 0x3b, 0x11, 0x05, 0xfa, 0x0b, 0xf7,
  0x02, 0xf9, 0xff, 0x14, 0xf4, 0x09, 0x32, 0xf3, 0xfe, 0x19, 0xe7, 0x01,
  0xc8, 0x00, 0x00, 0xf6, 0x2f, 0xe8, 0xdf, 0x0a, 0x47, 0x06, 0x04, 0x03,
  0xe9, 0x20, 0xf9, 0x05, 0xed, 0xd1, 0xe3, 0x11, 0x0d, 0x03, 0x9a, 0x2e,
  0xec, 0x1a, 0x2f, 0xfc, 0x0a, 0xb1, 0xea, 0xf3, 0x81, 0xf8, 0x10, 0x1b,
  0xee, 0xaf, 0xff, 0xc5, 0xae, 0xd4, 0xf2, 0x15, 0xee, 0xff, 0x9d, 0x0b,
  0x17, 0x0a, 0x16, 0xfa, 0x08, 0xfb, 0xf4, 0xf5, 0x2b, 0x0a, 0xff, 0x2a,
  0xf9, 0x10, 0xff, 0x02, 0x04, 0x00, 0x0a, 0x02, 0x26, 0x09, 0x18, 0xf6,
  0x09, 0xea, 0x10, 0x06, 0xf5, 0x10, 0xed, 0x0e, 0xeb, 0x14, 0x04, 0xf4,
  0xd2, 0x18, 0xc2, 0xf5, 0xf9, 0xeb, 0xfa, 0xea, 0x13, 0xeb, 0x08, 0xf2,
  0xf2, 0x11, 0x16, 0x02, 0x0e, 0xe8, 0xfa, 0x1d, 0xd3, 0xbe, 0xf3, 0xfb,
  0x0a, 0xee, 0xc2, 0x03, 0x0c, 0xef, 0xf4, 0x0c, 0xee, 0xde, 0xcf, 0x03,
  0x01, 0xe5, 0x06, 0x12, 0xfa, 0xf7, 0x15, 0x0c, 0x29, 0x04, 0x08, 0xfa,
  0xf6, 0xd5, 0xd8, 0xf4, 0xbf, 0xb4, 0xf2, 0x11, 0x19, 0xc4, 0xcb, 0xfb,
  0xfc, 0xff, 0x24, 0x22, 0xe3, 0x04, 0xe2, 0x04, 0xae, 0x1b, 0xfb, 0x81,
  0x00, 0x00, 0xf1, 0x00, 0xfa, 0x03, 0x00, 0xf3, 0x14, 0xf7, 0x00, 0xfd,
  0xe5, 0xdd, 0xfa, 0xea, 0x19, 0xef, 0xdc, 0x05, 0xff, 0xe9, 0xf6, 0x3d,
  0xea, 0x2b, 0xc9, 0x11, 0x97, 0xf7, 0x3d, 0x9b, 0xed, 0x10, 0x2d, 0xf7,
  0xce, 0xcf, 0x0b, 0xef, 0xd4, 0xb6, 0x06, 0xda, 0xd8, 0xd1, 0xe0, 0xed,
  0xff, 0x04, 0xe0, 0x0a, 0xf8, 0xdc, 0xa9, 0x3a, 0x0f, 0x45, 0xd0, 0x12,
  0xaa, 0x1d, 0x3e, 0xc7, 0xff, 0xc8, 0xe9, 0xf4, 0x9b, 0xce, 0xf3, 0x03,
  0xa5, 0x95, 0x11, 0xbe, 0x8b, 0x9a, 0xcf, 0x15, 0x05, 0xaf, 0xa6, 0x18,
  0x0e, 0xff, 0xd2, 0x04, 0x16, 0x0d, 0xd5, 0x07, 0xee, 0xe3, 0x07, 0xfc,
  0x11, 0xee, 0x0e, 0x00, 0x1f, 0xf4, 0xf9, 0x03, 0xc9, 0xeb, 0x12, 0xce,
  0x92, 0x81, 0xee, 0x01, 0x0c, 0xbc, 0xe7, 0xf8, 0xfd, 0x02, 0xdb, 0xf0,
  0xff, 0xbe, 0x11, 0xe6, 0xfb, 0xd3, 0xfc, 0x1d, 0xff, 0x14, 0x0b, 0xff,
  0x13, 0x00, 0xf1, 0x00, 0xf5, 0x1d, 0xfb, 0x18, 0xe1, 0x10, 0xf7, 0xf6,
  0xf5, 0xea, 0x12, 0xe2, 0xf0, 0xef, 0x05, 0x01, 0xfd, 0x21, 0x0c, 0x00,
  0x1a, 0x2c, 0x36, 0xee, 0x0d, 0xeb, 0xe5, 0x02, 0x17, 0xfe, 0xf4, 0xf3,
  0xfa, 0x0b, 0xfd, 0xf6, 0x19, 0x22, 0x0b, 0xf0, 0xf1, 0x59, 0x01, 0x11,
  0x0c, 0x02, 0xea, 0xf9, 0xf0, 0xfc, 0xb9, 0xf2, 0xea, 0xf7, 0xe3, 0xdf,
  0xf6, 0xc2, 0xdb, 0xfb, 0xe1, 0x07, 0x08, 0x02, 0xe9, 0xc2, 0x04, 0x01,
  0xa3, 0xcc, 0xda, 0xf0, 0xfe, 0xe6, 0xb9, 0x06, 0xfe, 0xe3, 0x35, 0xf7,
  0xdf, 0x05, 0xd8, 0x06, 0x03, 0x04, 0xdd, 0xe8, 0x12, 0xf8, 0xd8, 0xe8,
  0xd5, 0x09, 0xf5, 0xef, 0x1c, 0xcf, 0x12, 0xfc, 0xe9, 0xf9, 0xe9, 0x0e,
  0xed, 0xf0, 0xc9, 0x0c, 0x01, 0x21, 0x07, 0x20, 0xfb, 0x1f, 0x20, 0x24,
  0x46, 0x27, 0x18, 0x29, 0xf8, 0x04, 0x22, 0x1b, 0xe4, 0x13, 0x0b, 0x18,
  0x11, 0xf9, 0x0b, 0x15, 0xeb, 0x04, 0x06, 0x00, 0x14, 0x37, 0x19, 0x05,
  0xf7, 0xeb, 0xd8, 0xf2, 0xd1, 0xfb, 0xef, 0xf6, 0xc8, 0x10, 0xce, 0xac,
  0xef, 0xf5, 0x0a, 0xe7, 0x17, 0xf5, 0xf4, 0x04, 0xef, 0xe9, 0xfc, 0xf7,
  0xf2, 0xe6, 0xf4, 0x0b, 0x0b, 0xcb, 0xe4, 0xe1, 0xfc, 0x17, 0x3a, 0x02,
  0xf1, 0x10, 0x02, 0x1e, 0xdc, 0x24, 0xfd, 0xa4, 0x0e, 0x13, 0x15, 0xf4,
  0x18, 0x11, 0xf1, 0xfa, 0x10, 0x08, 0x21, 0x0a, 0x33, 0x23, 0x15, 0x02,
  0x03, 0x19, 0xff, 0x13, 0xfc, 0xf0, 0xec, 0x1a, 0xef, 0x3c, 0x01, 0x0f,
  0x1b, 0x0c, 0x37, 0xdb, 0x11, 0xf7, 0x19, 0x21, 0x27, 0xf4, 0x0e, 0x07,
  0x04, 0x17, 0xfc, 0x07, 0x15, 0x06, 0xff, 0x04, 0x04, 0xef, 0x19, 0x0d,
  0xee, 0xd4, 0xff, 0xff, 0x04, 0x00, 0x00, 0x00, 0x40, 0x00, 0x00, 0x00,
  0xb5, 0x6e, 0x00, 0x00, 0xec, 0x35, 0x00, 0x00, 0x28, 0x64, 0x00, 0x00,
  0x97, 0x31, 0x00, 0x00, 0x2e, 0xc7, 0xff, 0xff, 0xc1, 0xf2, 0xff, 0xff,
  0x03, 0x1b, 0x00, 0x00, 0x39, 0xf6, 0xff, 0xff, 0x47, 0xfb, 0xff, 0xff,
  0x62, 0x20, 0x00, 0x00, 0x3f, 0xf1, 0xff, 0xff, 0x4c, 0xea, 0xff, 0xff,
  0xf3, 0x4c, 0x00, 0x00, 0xfa, 0x85, 0xff, 0xff, 0xfc, 0x3e, 0x00, 0x00,
  0x57, 0x20, 0x00, 0x00, 0x3a, 0xd5, 0xff, 0xff, 0x04, 0x00, 0x00, 0x00,
  0x00, 0x09, 0x00, 0x00, 0x28, 0x16, 0x06, 0xd4, 0x03, 0x1b, 0x2e, 0x1e,
  0xe1, 0xea, 0x37, 0xff, 0x05, 0x00, 0xce, 0xc4, 0xec, 0xf7, 0x0f, 0xfd,
  0x10, 0x54, 0xf2, 0xf4, 0xf6, 0x2e, 0xf3, 0x03, 0xfe, 0xea, 0xf7, 0xdd,
  0xfe, 0xda, 0x00, 0xff, 0xfe, 0xf7, 0xed, 0xc3, 0x04, 0xf1, 0xf5, 0x06,
  0xec, 0xe2, 0x9b, 0x81, 0xcc, 0x23, 0xac, 0xfc, 0x12, 0x0c, 0x83, 0xe6,
  0x0e, 0x8b, 0x41, 0xf7, 0x00, 0xdc, 0xfa, 0x10, 0xe7, 0x1f, 0x0b, 0x01,
  0xfa, 0x30, 0x2a, 0xaf, 0xf1, 0x18, 0x10, 0xec, 0xf1, 0xb4, 0xd6, 0xe7,
  0xf4, 0x02, 0x1f, 0xe2, 0xfc, 0x8d, 0xd2, 0xd3, 0x22, 0xae, 0xbf, 0x12,
  0x25, 0xbc, 0xfe, 0xe9, 0xb3, 0xdd, 0xec, 0x9c, 0x0e, 0xde, 0xee, 0xda,
  0x05, 0xf1, 0x79, 0xed, 0xba, 0xf7, 0x88, 0x26, 0xf9, 0x3b, 0xe9, 0xf7,
  0xf4, 0x04, 0x93, 0x2f, 0x27, 0x09, 0x61, 0x09, 0x04, 0xf6, 0xb8, 0xfe,
  0x13, 0xf9, 0x05, 0xf8, 0x0c, 0x46, 0x0f, 0xfd, 0xed, 0xe2, 0xd0, 0xed,
  0x3b, 0xdd, 0x03, 0x10, 0xe0, 0x19, 0xcc, 0xe9, 0x0a, 0xd0, 0x2b, 0x10,
  0x2d, 0xbf, 0x21, 0xfa, 0xa6, 0xff, 0xc9, 0x1c, 0x29, 0x08, 0xfc, 0xe4,
  0x0f, 0xd3, 0xee, 0x8c, 0x2b, 0x0a, 0xe4, 0x1a, 0x20, 0x14, 0x10, 0xdc,
  0x31, 0xe2, 0x1e, 0x0f, 0xf0, 0xd3, 0x1e, 0xae, 0xdf, 0xed, 0xea, 0x0c,
  0x23, 0x13, 0x29, 0xfa, 0xe1, 0xee, 0xd3, 0x20, 0x00, 0x11, 0xf0, 0xdb,
  0x17, 0xbd, 0x15, 0xed, 0xa4, 0x03, 0xd1, 0xf4, 0xf1, 0x17, 0x04, 0xd8,
  0x12, 0x18, 0x17, 0xb0, 0x06, 0xa9, 0x01, 0x08, 0x29, 0xde, 0x81, 0x03,
  0xf6, 0xb1, 0x3b, 0xe4, 0xfc, 0x24, 0xa3, 0xef, 0xdc, 0x07, 0xc2, 0x10,
  0xdc, 0xef, 0xb2, 0xfd, 0xcf, 0x04, 0xff, 0xf0, 0x0d, 0xa2, 0x40, 0x19,
  0xd6, 0xb6, 0x19, 0xfb, 0xf7, 0x06, 0x0e, 0x20, 0xe7, 0x23, 0xc8, 0x18,
  0xf9, 0xf9, 0x3d, 0x33, 0xff, 0x91, 0xcf, 0x09, 0xf8, 0xfd, 0xc8, 0x1b,
  0xea, 0x1a, 0xc6, 0xd5, 0xf9, 0x01, 0xf1, 0xcd, 0x48, 0xd8, 0x0a, 0x11,
  0xec, 0xff, 0x0c, 0x64, 0xe0, 0xf5, 0xf3, 0x21, 0x14, 0x10, 0xb8, 0xd1,
  0x22, 0x0f, 0x29, 0x10, 0xa9, 0xe9, 0x17, 0x2a, 0xc3, 0xcd, 0xe0, 0xa0,
  0xf3, 0x17, 0x23, 0xe8, 0xce, 0xc2, 0xe1, 0x39, 0x15, 0xf8, 0xf4, 0x02,
  0xaa, 0xfb, 0xe5, 0xfb, 0xdd, 0xea, 0x44, 0x13, 0xa3, 0xf7, 0x0c, 0x10,
  0x90, 0xc6, 0xaf, 0x01, 0xf8, 0x11, 0xcc, 0xdb, 0x40, 0x22, 0x3f, 0xb0,
  0x13, 0x1a, 0xd4, 0xc8, 0xb7, 0xfb, 0xd6, 0x32, 0xf2, 0xea, 0xe1, 0xc4,
  0x25, 0x38, 0xcc, 0xd3, 0xdd, 0xc9, 0xe0, 0x2b, 0xa7, 0x2e, 0xc2, 0xce,
  0xe6, 0x99, 0xeb, 0xd7, 0x25, 0xa4, 0xaf, 0xc7, 0x37, 0xc7, 0x41, 0xdd,
  0xbb, 0xd8, 0xd8, 0x0a, 0xf8, 0xfc, 0x0e, 0xc3, 0xef, 0xfb, 0xea, 0xa4,
  0xda, 0x16, 0x2d, 0xba, 0x12, 0x31, 0x0f, 0xa9, 0xd1, 0x05, 0xb7, 0xf2,
  0xc7, 0x7f, 0xc2, 0x3f, 0xd8, 0x43, 0xcf, 0xcb, 0x97, 0x2b, 0xef, 0x1d,
  0xe5, 0xb7, 0xe4, 0x13, 0xc8, 0x39, 0x33, 0x13, 0x31, 0x26, 0xe0, 0xe8,
  0xb2, 0xf1, 0x55, 0xcf, 0x16, 0xfc, 0xf3, 0x10, 0xf9, 0x18, 0xf2, 0x04,
  0xb4, 0x02, 0xfd, 0xf2, 0x02, 0x31, 0x11, 0x29, 0x34, 0x1a, 0x0a, 0x0b,
  0x0b, 0xeb, 0xd1, 0xe2, 0x06, 0xef, 0xbc, 0x07, 0xe0, 0x1b, 0x0b, 0xf2,
  0x01, 0x0a, 0xec, 0xf8, 0xf3, 0x09, 0xde, 0xf0, 0xb1, 0x0f, 0xc7, 0xf2,
  0xf3, 0x03, 0xf2, 0x0a, 0x03, 0xf2, 0xfa, 0xf8, 0xf3, 0x0a, 0xe0, 0xda,
  0xfd, 0xed, 0xbb, 0xf5, 0x0b, 0x91, 0x1c, 0x0f, 0x0b, 0xe4, 0xf4, 0x26,
  0xfd, 0xea, 0xe0, 0x0c, 0x11, 0xe4, 0x8c, 0x08, 0x06, 0xbd, 0x11, 0xfe,
  0x0e, 0xee, 0x05, 0xf1, 0x09, 0xd3, 0xeb, 0x0e, 0xd1, 0x24, 0xbc, 0xf7,
  0xf7, 0xc6, 0x0a, 0xf3, 0xce, 0xf6, 0xf4, 0xef, 0xff, 0x22, 0xfa, 0x3b,
  0xfa, 0x26, 0x15, 0x11, 0xe8, 0x07, 0xb3, 0x0b, 0x0f, 0x07, 0xe9, 0xe0,
  0xfc, 0x19, 0xd9, 0xaa, 0xfc, 0xf2, 0xfb, 0xf6, 0xff, 0x08, 0xe3, 0xdc,
  0x1c, 0x11, 0xfc, 0xf2, 0xf8, 0x03, 0x00, 0x81, 0xe1, 0xef, 0xe1, 0x14,
  0x00, 0x0d, 0xe4, 0xd7, 0x02, 0xca, 0x02, 0xeb, 0xf6, 0xf2, 0x08, 0x24,
  0x07, 0xf8, 0x00, 0x1b, 0x10, 0x81, 0xa8, 0xfd, 0xb8, 0xe8, 0x0f, 0xc9,
  0xf3, 0x06, 0xef, 0x0d, 0xe4, 0xf3, 0x10, 0x00, 0x0c, 0xda, 0xfb, 0xc4,
  0xed, 0xdf, 0xff, 0xa2, 0xfe, 0x40, 0x4b, 0xe2, 0xe7, 0x24, 0x06, 0x0a,
  0xe5, 0x01, 0x11, 0xa6, 0xed, 0xff, 0x1e, 0xea, 0xf7, 0x45, 0xab, 0x16,
  0xea, 0xe9, 0x92, 0x0c, 0xfa, 0xfc, 0x20, 0x0d, 0xfc, 0x09, 0xf1, 0x0c,
  0x01, 0xf0, 0x07, 0xe4, 0x2d, 0x07, 0xc3, 0xee, 0x00, 0xcd, 0xee, 0xec,
  0x12, 0x08, 0xe9, 0x0c, 0xf8, 0x38, 0x1e, 0xf2, 0x39, 0xe7, 0x0a, 0x19,
  0x06, 0xba, 0xb0, 0x1a, 0xf7, 0x8a, 0xea, 0x35, 0x09, 0xa1, 0x4d, 0xfa,
  0x3e, 0xdb, 0x29, 0x04, 0x01, 0x02, 0xea, 0xd7, 0x09, 0x2a, 0xeb, 0xee,
  0x0b, 0xc4, 0xeb, 0x26, 0xfe, 0xd5, 0x3b, 0xf4, 0x1e, 0x17, 0x06, 0x1a,
  0xf8, 0x16, 0x03, 0xea, 0xe8, 0xeb, 0x0f, 0x0e, 0x12, 0xfb, 0xd6, 0x18,
  0xf3, 0xf9, 0xb5, 0x15, 0x05, 0x0a, 0x03, 0x1c, 0x09, 0xcc, 0x32, 0x08,
  0xf1, 0xf0, 0x0c, 0x0b, 0xf6, 0xe6, 0xf2, 0x24, 0xe4, 0x00, 0x04, 0x0d,
  0x0c, 0x0b, 0x2d, 0xe0, 0xf2, 0xee, 0xec, 0x04, 0xe6, 0xc1, 0xf3, 0x1f,
  0xbf, 0x0a, 0x08, 0xf1, 0x0e, 0xbd, 0xab, 0xd6, 0x0c, 0x05, 0xd5, 0x16,
  0x02, 0x0a, 0x1c, 0xfb, 0xfe, 0x03, 0x01, 0xc5, 0xfc, 0x42, 0xfd, 0x17,
  0xd8, 0xdb, 0xb4, 0xf1, 0x10, 0xd0, 0x06, 0xff, 0x08, 0xf0, 0xd6, 0x81,
  0x01, 0xcf, 0xed, 0xe5, 0xf8, 0xea, 0xf6, 0xf6, 0xb6, 0xfc, 0xc5, 0xf6,
  0xfd, 0x01, 0xd5, 0xd3, 0xfe, 0xa1, 0x07, 0xdf, 0x02, 0xc6, 0x09, 0xf7,
  0x19, 0x0b, 0xe7, 0xe4, 0x19, 0x14, 0x10, 0xc1, 0x02, 0xb9, 0xd4, 0xdf,
  0xee, 0x4a, 0xfd, 0x0e, 0x2b, 0xef, 0x1e, 0x04, 0x08, 0x02, 0xcd, 0x3e,
  0xf5, 0x3b, 0xd7, 0xd8, 0x48, 0x19, 0xfb, 0xec, 0x02, 0x0f, 0xe0, 0xcd,
  0x22, 0xda, 0xf4, 0x21, 0xf7, 0xed, 0x0f, 0xff, 0x14, 0x04, 0x21, 0x07,
  0x07, 0xec, 0xf1, 0x0e, 0xb5, 0xf7, 0x04, 0x19, 0x10, 0xf6, 0xfc, 0x11,
  0x3b, 0x0e, 0xc6, 0xeb, 0xca, 0xcf, 0x12, 0x22, 0xb7, 0xd2, 0xfe, 0xd4,
  0xe3, 0xfa, 0xe7, 0xd6, 0x0a, 0x35, 0xe8, 0x07, 0x0d, 0xec, 0xeb, 0xd4,
  0xe0, 0x19, 0xf6, 0xf9, 0xe9, 0x32, 0x30, 0xf6, 0x39, 0x9d, 0x44, 0xf2,
  0xdd, 0x38, 0x03, 0xec, 0xcc, 0xef, 0xf1, 0xe8, 0x09, 0x11, 0xd2, 0x01,
  0x03, 0x22, 0x35, 0xf3, 0xf4, 0xf4, 0x5d, 0x14, 0xb5, 0xf7, 0x01, 0x11,
  0xee, 0x19, 0xdc, 0x0c, 0x00, 0x0b, 0xb1, 0xe9, 0x00, 0xe0, 0x10, 0x9d,
  0x1a, 0xec, 0xf5, 0x07, 0x11, 0xc9, 0xd9, 0xc1, 0x2d, 0x3f, 0x3e, 0xea,
  0xee, 0x01, 0xef, 0xcb, 0xd8, 0x0e, 0x03, 0x3c, 0xeb, 0xfb, 0x50, 0x06,
  0x32, 0x39, 0x7f, 0xf9, 0x1c, 0x0b, 0xc2, 0xfd, 0xfc, 0xc9, 0x08, 0xd0,
  0x15, 0xd7, 0x0e, 0xbd, 0xf7, 0xf4, 0xff, 0x09, 0x24, 0xef, 0x02, 0x90,
  0xff, 0x2b, 0xbf, 0xa2, 0x0e, 0xdd, 0x07, 0x13, 0x1b, 0xf2, 0x17, 0xed,
  0x37, 0x0b, 0xee, 0xcd, 0xec, 0xd2, 0xdf, 0xf5, 0x07, 0xf8, 0xe3, 0x8e,
  0x0c, 0xfc, 0xef, 0xfc, 0xcc, 0xe1, 0xfd, 0x0d, 0xfe, 0x0d, 0xc8, 0xe5,
  0xf5, 0xeb, 0xdb, 0xfa, 0x09, 0xe7, 0xe3, 0xf1, 0x09, 0x00, 0x1b, 0xff,
  0x19, 0x13, 0xe1, 0x0e, 0xfb, 0x20, 0xeb, 0xfd, 0xfc, 0xf4, 0x02, 0x06,
  0x12, 0xf0, 0x14, 0xff, 0xe6, 0x0f, 0xac, 0x09, 0x07, 0x15, 0xfa, 0xfc,
  0xe8, 0xef, 0xf0, 0xf1, 0xbe, 0xfb, 0xe8, 0x10, 0xf3, 0xf8, 0xfd, 0xfa,
  0xfb, 0x17, 0x1f, 0x1a, 0xf0, 0xe2, 0x09, 0x0a, 0x02, 0xee, 0x3d, 0x0a,
  0xed, 0xf7, 0xca, 0xf2, 0xfc, 0x11, 0x04, 0xb2, 0xfd, 0xf4, 0xea, 0xf9,
  0xef, 0x10, 0xe1, 0x27, 0xc7, 0x12, 0xeb, 0xda, 0xf8, 0xd0, 0xf9, 0xf1,
  0x14, 0xfc, 0xfa, 0x03, 0xd8, 0x13, 0xb2, 0x14, 0x11, 0x03, 0x11, 0xe1,
  0x01, 0xf3, 0x1a, 0xf5, 0xf8, 0x13, 0x15, 0x0d, 0x2f, 0x0a, 0x7f, 0x09,
  0xf1, 0x11, 0x03, 0xf5, 0xfa, 0xfa, 0x0a, 0xcc, 0x01, 0x0b, 0xda, 0xf1,
  0x04, 0x07, 0x0e, 0xfe, 0x04, 0xfb, 0x0d, 0xeb, 0x0c, 0x29, 0xf9, 0x07,
  0x2c, 0xeb, 0xce, 0xf9, 0x28, 0xb1, 0x09, 0xf8, 0x00, 0xd1, 0xf9, 0x12,
  0x06, 0x49, 0xd8, 0x1a, 0xca, 0x16, 0xdb, 0x03, 0x0c, 0x9e, 0x0d, 0x2f,
  0x16, 0xf5, 0xef, 0x0d, 0x0b, 0x19, 0xec, 0xe5, 0x02, 0x21, 0xd8, 0x00,
  0xdb, 0xb0, 0xe5, 0xfd, 0xdf, 0x13, 0xfd, 0xfd, 0x03, 0x07, 0xeb, 0xcc,
  0xe8, 0xf5, 0xee, 0x06, 0xf7, 0xce, 0xdf, 0xff, 0xfb, 0x14, 0xfc, 0xef,
  0xf8, 0x24, 0x81, 0xd0, 0xd7, 0xf8, 0xd7, 0xf0, 0xf6, 0xdc, 0xf9, 0xf5,
  0x14, 0xfb, 0xf1, 0x02, 0xf6, 0x06, 0xdd, 0xe4, 0x06, 0xfc, 0x18, 0xf1,
  0x00, 0xf6, 0xf0, 0xfd, 0xf1, 0x0f, 0xdf, 0x06, 0xfe, 0xf4, 0x06, 0x27,
  0xf7, 0x17, 0x04, 0x0e, 0xf5, 0x09, 0xdd, 0xe4, 0xd1, 0xf8, 0x14, 0x01,
  0x0c, 0x29, 0xfa, 0x3a, 0xd9, 0x15, 0xe8, 0xf4, 0xdf, 0x06, 0x82, 0x0b,
  0xf2, 0xfe, 0x19, 0x03, 0x0f, 0x01, 0xee, 0xf9, 0xf5, 0x00, 0xd8, 0x0c,
  0x10, 0xfb, 0xc0, 0xf0, 0xb0, 0xe4, 0x03, 0x50, 0x4b, 0xcd, 0x0a, 0xad,
  0xe3, 0xc1, 0x45, 0x26, 0xeb, 0xfb, 0x12, 0x4d, 0xa2, 0xe6, 0x31, 0x1c,
  0x16, 0xbe, 0xc4, 0x81, 0x04, 0xef, 0xc0, 0xb6, 0xa8, 0xcc, 0xde, 0xaf,
  0x21, 0x10, 0xc4, 0xc2, 0xe9, 0x12, 0xb4, 0x2c, 0x31, 0x0b, 0xf4, 0x02,
  0xcb, 0xc6, 0x27, 0xbf, 0xb7, 0xac, 0x98, 0x95, 0x3f, 0x0b, 0xc6, 0x35,
  0x34, 0x08, 0x37, 0xca, 0xf5, 0x26, 0xee, 0xb6, 0xbc, 0x2e, 0xd4, 0xd3,
  0xf5, 0xe1, 0xea, 0xd8, 0xb8, 0x1a, 0xf5, 0xde, 0xac, 0xac, 0xf9, 0xde,
  0x9f, 0x07, 0xbf, 0x95, 0x0e, 0xb1, 0xa5, 0x23, 0xcd, 0x28, 0xbf, 0xfa,
  0x0a, 0xae, 0xd8, 0x12, 0x1c, 0xb8, 0xce, 0xff, 0xe6, 0xb3, 0xe5, 0x33,
  0xf6, 0xd6, 0xf3, 0xb6, 0xc5, 0x17, 0xb4, 0xab, 0x95, 0x27, 0xc8, 0xaf,
  0x3b, 0xbc, 0xba, 0x21, 0x50, 0xeb, 0x21, 0xe4, 0xb7, 0x10, 0xc7, 0xc0,
  0xa2, 0x0d, 0x09, 0xcb, 0x49, 0x12, 0xd0, 0x01, 0xf3, 0xaf, 0xd6, 0x44,
  0xc7, 0x27, 0xd2, 0x32, 0x03, 0xd9, 0x1f, 0xfd, 0xe3, 0xed, 0x04, 0xf1,
  0x07, 0xe7, 0x0b, 0xf9, 0x15, 0x1b, 0xf6, 0xe4, 0xea, 0xdf, 0xfc, 0x07,
  0xf9, 0xe7, 0x1c, 0xd6, 0xcd, 0x35, 0xed, 0xf0, 0xdd, 0xdf, 0x01, 0x0e,
  0x1a, 0xcf, 0xc3, 0xef, 0x0c, 0xd3, 0x31, 0xce, 0x1a, 0x28, 0x0f, 0x31,
  0xe4, 0x1d, 0xe0, 0xde, 0x0f, 0xe2, 0xed, 0x10, 0xe8, 0x19, 0x4d, 0xd6,
  0x26, 0x81, 0x54, 0xf8, 0x91, 0xde, 0xeb, 0x15, 0xc5, 0xde, 0x07, 0x8f,
  0xfc, 0xa5, 0x09, 0x17, 0x16, 0xcb, 0x8b, 0x1d, 0x07, 0xae, 0xa3, 0x0b,
  0x5c, 0x10, 0xe5, 0xe0, 0xe4, 0xec, 0xbe, 0x25, 0xe5, 0x22, 0x1d, 0x20,
  0xe8, 0x01, 0x5e, 0xfa, 0xf0, 0xcf, 0x07, 0x9f, 0x37, 0xea, 0xf6, 0x4d,
  0x3c, 0xdf, 0xde, 0xef, 0xed, 0x24, 0x28, 0x4d, 0x12, 0x03, 0xfa, 0xbd,
  0x2e, 0x2b, 0xcc, 0xf4, 0xc6, 0x4b, 0x96, 0x1b, 0xae, 0x07, 0x18, 0xf0,
  0xf3, 0x1a, 0xbd, 0x1c, 0x0d, 0x5e, 0x51, 0x9f, 0x32, 0xfc, 0xe7, 0x1e,
  0x9e, 0xdd, 0xa8, 0xb2, 0x9d, 0x0a, 0xad, 0x0f, 0xff, 0x11, 0x21, 0x11,
  0xea, 0x12, 0x1e, 0xb1, 0xbe, 0xf4, 0x28, 0x13, 0xc6, 0xe5, 0xa0, 0x07,
  0xda, 0xcd, 0x37, 0x02, 0x9f, 0x2e, 0x0b, 0x2e, 0x07, 0xca, 0x03, 0x0b,
  0xad, 0xc6, 0xd4, 0x19, 0x27, 0x16, 0x28, 0x10, 0xd2, 0xe7, 0xf0, 0xf1,
  0x0b, 0xe8, 0xfa, 0xde, 0x01, 0xf7, 0xda, 0xce, 0x2a, 0x18, 0x92, 0x14,
  0xfe, 0x2f, 0xfe, 0x58, 0x11, 0x09, 0xcf, 0xf0, 0xb8, 0x85, 0xa3, 0xa1,
  0x24, 0xc0, 0xd3, 0xaf, 0xe4, 0xf3, 0xfa, 0x30, 0x85, 0x26, 0xed, 0xe4,
  0xf8, 0xe3, 0xd2, 0xa4, 0x42, 0xff, 0x3c, 0x0e, 0x3e, 0x0c, 0xe5, 0x03,
  0xfe, 0xc7, 0xc4, 0xa0, 0xc6, 0x00, 0x23, 0xce, 0x43, 0xe2, 0x11, 0xf6,
  0xc5, 0xc3, 0x42, 0x5a, 0xb8, 0x49, 0xd9, 0x12, 0x9b, 0xd8, 0x1c, 0x81,
  0xf8, 0xb5, 0xc0, 0xed, 0x2e, 0xe3, 0x1d, 0x29, 0xc7, 0xe2, 0x12, 0x07,
  0xb5, 0x05, 0xc1, 0x16, 0xb7, 0x00, 0xc5, 0x2d, 0x4b, 0xfc, 0xe0, 0x2c,
  0xee, 0x22, 0xd6, 0xc7, 0x1c, 0xf0, 0xd4, 0x04, 0xf2, 0xf9, 0xf5, 0x09,
  0xd5, 0x19, 0xb5, 0xf8, 0xf9, 0xd4, 0x1a, 0x33, 0x04, 0x1c, 0xee, 0x31,
  0x0a, 0xfa, 0xdd, 0xf1, 0xe2, 0x11, 0xf1, 0x03, 0xd1, 0xcb, 0x14, 0xeb,
  0x09, 0x07, 0xaa, 0x0d, 0xff, 0xc7, 0xc8, 0x06, 0xcd, 0xf5, 0x2c, 0xf4,
  0x07, 0xdb, 0x12, 0xdf, 0xff, 0x08, 0x18, 0x0c, 0x08, 0x2c, 0xd2, 0xcd,
  0xf7, 0xed, 0xe3, 0xfd, 0x15, 0xac, 0x13, 0xf8, 0xf5, 0xfb, 0xed, 0x11,
  0x10, 0xb5, 0xef, 0x0a, 0xf9, 0xe1, 0x9b, 0x09, 0xf1, 0x9b, 0x13, 0xee,
  0x03, 0xe0, 0x1e, 0xf3, 0xfd, 0xd5, 0x00, 0xcd, 0x26, 0x0a, 0xd6, 0x01,
  0xfb, 0xa2, 0xdf, 0xe5, 0xf7, 0xf1, 0x0f, 0xfe, 0xff, 0x37, 0xfd, 0xbb,
  0xee, 0x26, 0x81, 0x05, 0x0e, 0xed, 0xd1, 0x03, 0x05, 0x0d, 0x00, 0xfb,
  0xf6, 0xe3, 0xd8, 0xe2, 0xf1, 0xe8, 0x94, 0x02, 0x16, 0xf6, 0xcc, 0xe6,
  0xea, 0xec, 0x1b, 0x13, 0xfc, 0xc4, 0xcb, 0x81, 0xd5, 0xcf, 0xb2, 0xfd,
  0x11, 0x0b, 0xbd, 0xb1, 0xde, 0xde, 0xae, 0x38, 0xb9, 0xc5, 0xd1, 0xb7,
  0x31, 0x10, 0x29, 0xc3, 0xe4, 0x09, 0xdb, 0xa4, 0xff, 0xa8, 0x02, 0xf8,
  0xb6, 0x00, 0x20, 0x38, 0x2b, 0xe5, 0x21, 0x1b, 0x21, 0x22, 0x08, 0xf9,
  0xec, 0x0b, 0x13, 0x13, 0x2b, 0x10, 0xbd, 0x0c, 0xf7, 0x27, 0xbd, 0xca,
  0xfb, 0xea, 0xf6, 0xdf, 0xe5, 0xcf, 0xe0, 0xb8, 0xe7, 0x2d, 0x09, 0xfe,
  0x01, 0x2f, 0xe3, 0x3d, 0x12, 0xc5, 0xea, 0xea, 0x97, 0xc1, 0xda, 0x0e,
  0xef, 0xb3, 0xef, 0x18, 0xd1, 0xe2, 0xcb, 0x3c, 0xc5, 0x08, 0xbe, 0xc5,
  0xc1, 0xb2, 0x1a, 0x8d, 0x01, 0x24, 0x1b, 0xca, 0xb9, 0x26, 0x28, 0x3e,
  0x1a, 0xcb, 0xdd, 0xe7, 0xea, 0xb1, 0xa8, 0xc3, 0x07, 0xf7, 0xd3, 0xc2,
  0x2d, 0x20, 0xca, 0x2b, 0x22, 0x2d, 0x0b, 0xeb, 0xe1, 0x95, 0xd6, 0xfc,
  0xdf, 0x26, 0x06, 0xd9, 0x43, 0xab, 0x1b, 0x04, 0xcc, 0xb6, 0x10, 0x81,
  0xcf, 0x14, 0xfe, 0xb2, 0x08, 0xe6, 0xbd, 0xf1, 0xef, 0xe9, 0xcc, 0x15,
  0xa2, 0x3e, 0x23, 0xa2, 0xf0, 0xfd, 0x04, 0x91, 0x34, 0x81, 0x13, 0x06,
  0xde, 0xb3, 0x2d, 0x1e, 0xd6, 0xdf, 0xfe, 0x3e, 0x08, 0x0e, 0xf2, 0xf6,
  0xf6, 0xb9, 0x37, 0xf0, 0x43, 0xd9, 0x2c, 0xdf, 0xa2, 0xe9, 0xe1, 0xba,
  0xca, 0xee, 0x12, 0xe5, 0xe4, 0x1e, 0xe4, 0xcb, 0xdf, 0xba, 0x14, 0x37,
  0xf2, 0xee, 0xea, 0xf5, 0xb7, 0x10, 0xa5, 0xa9, 0xd8, 0x58, 0x32, 0x0e,
  0xf3, 0xe2, 0x14, 0x29, 0xf6, 0xf3, 0xee, 0x29, 0x12, 0xab, 0xec, 0xe3,
  0xcb, 0x0e, 0x35, 0xfd, 0x7b, 0xbd, 0xe8, 0xf6, 0x04, 0xf7, 0x9d, 0x42,
  0x01, 0x1b, 0x01, 0xf1, 0x28, 0x32, 0xe6, 0x40, 0xe5, 0x24, 0x28, 0xf0,
  0xcf, 0x04, 0xdd, 0xe8, 0xe0, 0xfb, 0xa4, 0x9f, 0x11, 0xeb, 0x42, 0xd9,
  0xe1, 0x32, 0x67, 0x00, 0xb3, 0xee, 0xcd, 0xee, 0x9e, 0x0f, 0xed, 0x38,
  0xf1, 0x3b, 0x32, 0xe5, 0x26, 0x21, 0x01, 0xc2, 0x36, 0xee, 0x2e, 0x00,
  0xef, 0xdd, 0x1d, 0xd9, 0xdb, 0x1d, 0x14, 0x21, 0x21, 0xde, 0xd7, 0x1d,
  0xb5, 0x20, 0xf4, 0xec, 0xcb, 0x81, 0x08, 0xc2, 0x0c, 0xeb, 0x13, 0xbf,
  0x37, 0xdc, 0xe4, 0x15, 0x0e, 0x9e, 0x15, 0x0c, 0xc8, 0xe5, 0x10, 0xd0,
  0xfb, 0xc8, 0x07, 0x1c, 0x2e, 0x21, 0xf6, 0x13, 0x1b, 0x19, 0xd0, 0xc5,
  0xce, 0xde, 0xfa, 0xeb, 0xf8, 0xd4, 0x32, 0xe9, 0x4b, 0xf2, 0x46, 0xe8,
  0x04, 0x10, 0x0c, 0xc5, 0xd2, 0xda, 0xf4, 0x1e, 0xf7, 0xf0, 0xd4, 0x2c,
  0x5a, 0x0b, 0x3d, 0xfd, 0xea, 0xb0, 0x10, 0x22, 0xf6, 0x2b, 0xf2, 0x06,
  0xf7, 0xc6, 0x29, 0xf6, 0xaf, 0x10, 0xa6, 0xf7, 0xdb, 0xd0, 0x27, 0xfc,
  0xea, 0x0d, 0x0a, 0x19, 0xf1, 0xd7, 0xdc, 0xa9, 0x2d, 0x1c, 0x9d, 0x0f,
  0x07, 0xe4, 0x9e, 0x03, 0x0a, 0xe0, 0x25, 0xdc, 0x18, 0xe3, 0xd3, 0xf6,
  0xe2, 0xe3, 0x39, 0x15, 0x18, 0x03, 0xf7, 0xd8, 0x0d, 0x25, 0xf1, 0xf1,
  0xf8, 0xf6, 0x34, 0x04, 0xe5, 0x25, 0x14, 0xec, 0xe9, 0x03, 0x2d, 0xd2,
  0x13, 0xe7, 0x16, 0xf7, 0x19, 0xad, 0xf7, 0x9e, 0xe2, 0x08, 0x8b, 0xf9,
  0x17, 0xee, 0x2e, 0xac, 0x46, 0xde, 0xff, 0xff, 0x04, 0x00, 0x00, 0x00,
  0x40, 0x00, 0x00, 0x00, 0x49, 0x04, 0x00, 0x00, 0xd7, 0xe6, 0xff, 0xff,
  0x84, 0xc6, 0xff, 0xff, 0x31, 0xf1, 0xff, 0xff, 0xcd, 0x05, 0x00, 0x00,
  0xdc, 0x01, 0x00, 0x00, 0xe2, 0x05, 0x00, 0x00, 0x2c, 0x00, 0x00, 0x00,
  0x35, 0xf6, 0xff, 0xff, 0xc3, 0xf4, 0xff, 0xff, 0x2f, 0xdd, 0xff, 0xff,
  0x00, 0xd4, 0xff, 0xff, 0xe0, 0xfd, 0xff, 0xff, 0xb0, 0xd2, 0xff, 0xff,
  0x58, 0xe3, 0xff, 0xff, 0xbc, 0xf5, 0xff, 0xff, 0x92, 0xde, 0xff, 0xff,
  0x04, 0x00, 0x00, 0x00, 0x00, 0x1c, 0x00, 0x00, 0x00, 0x00, 0x00, 0x00,
  0x00, 0x00, 0x00, 0x00, 0x00, 0x00, 0x00, 0x00, 0x00, 0x00, 0x00, 0x00,
  0x00, 0x00, 0x00, 0x00, 0x00, 0x00, 0x00, 0x00, 0x00, 0x00, 0x00, 0x00,
  0x00, 0x00, 0x00, 0x00, 0x00, 0x00, 0x00, 0x00, 0x00, 0x00, 0x00, 0x00,
  0x00, 0x00, 0x00, 0x00, 0x00, 0x00, 0x00, 0x00, 0x00, 0x00, 0x00, 0x00,
  0x00, 0x00, 0x00, 0x00, 0x00, 0x00, 0x00, 0x00, 0x00, 0x00, 0x00, 0x00,
  0x00, 0x00, 0x00, 0x00, 0x00, 0x00, 0x00, 0x00, 0x00, 0x00, 0x00, 0x00,
  0x00, 0x00, 0x00, 0x00, 0x00, 0x00, 0x00, 0x00, 0x00, 0x00, 0x00, 0x00,
  0x00, 0x00, 0x00, 0x00, 0x00, 0x00, 0x00, 0x00, 0x00, 0x00, 0x00, 0x00,
  0x00, 0x00, 0x00, 0x00, 0x00, 0x00, 0x00, 0x00, 0x00, 0x00, 0x00, 0x00,
  0x00, 0x00, 0x00, 0x00, 0x00, 0x00, 0x00, 0x00, 0x00, 0x00, 0x00, 0x00,
  0x00, 0x00, 0x00, 0x00, 0x00, 0x00, 0x00, 0x00, 0x00, 0x00, 0x00, 0x00,
  0x00, 0x00, 0x00, 0x00, 0x00, 0x00, 0x00, 0x00, 0x00, 0x00, 0x00, 0x00,
  0x00, 0x00, 0x00, 0x00, 0x00, 0x00, 0x00, 0x00, 0x00, 0x00, 0x00, 0x00,
  0x00, 0x00, 0x00, 0x00, 0x00, 0x00, 0x00, 0x00, 0x00, 0x00, 0x00, 0x00,
  0x00, 0x00, 0x00, 0x00, 0x00, 0x00, 0x00, 0x00, 0x00, 0x00, 0x00, 0x00,
  0x00, 0x00, 0x00, 0x00, 0x00, 0x00, 0x00, 0x00, 0x00, 0x00, 0x00, 0x00,
  0x00, 0x00, 0x00, 0x00, 0x00, 0x00, 0x00, 0x00, 0x00, 0x00, 0x00, 0x00,
  0x00, 0x00, 0x00, 0x00, 0x00, 0x00, 0x00, 0x00, 0x00, 0x00, 0x00, 0x00,
  0x00, 0x00, 0x00, 0x00, 0x00, 0x00, 0x00, 0x00, 0x00, 0x00, 0x00, 0x00,
  0x00, 0x00, 0x00, 0x00, 0x00, 0x00, 0x00, 0x00, 0x00, 0x00, 0x00, 0x00,
  0x00, 0x00, 0x00, 0x00, 0x00, 0x00, 0x00, 0x00, 0x00, 0x00, 0x00, 0x00,
  0x00, 0x00, 0x00, 0x00, 0x00, 0x00, 0x00, 0x00, 0x00, 0x00, 0x00, 0x00,
  0x00, 0x00, 0x00, 0x00, 0x00, 0x00, 0x00, 0x00, 0x00, 0x00, 0x00, 0x00,
  0x00, 0x00, 0x00, 0x00, 0x00, 0x00, 0x00, 0x00, 0x00, 0x00, 0x00, 0x00,
  0x00, 0x00, 0x00, 0x00, 0x00, 0x00, 0x00, 0x00, 0x00, 0x00, 0x00, 0x00,
  0x00, 0x00, 0x00, 0x00, 0x00, 0x00, 0x00, 0x00, 0x00, 0x00, 0x00, 0x00,
  0x00, 0x00, 0x00, 0x00, 0x00, 0x00, 0x00, 0x00, 0x00, 0x00, 0x00, 0x00,
  0x00, 0x00, 0x00, 0x00, 0x00, 0x00, 0x00, 0x00, 0x00, 0x00, 0x00, 0x00,
  0x00, 0x00, 0x00, 0x00, 0x00, 0x00, 0x00, 0x00, 0x00, 0x00, 0x00, 0x00,
  0x00, 0x00, 0x00, 0x00, 0x00, 0x00, 0x00, 0x00, 0x00, 0x00, 0x00, 0x00,
  0x00, 0x00, 0x00, 0x00, 0x00, 0x00, 0x00, 0x00, 0x00, 0x00, 0x00, 0x00,
  0x00, 0x00, 0x00, 0x00, 0x00, 0x00, 0x00, 0x00, 0x00, 0x00, 0x00, 0x00,
  0x00, 0x00, 0x00, 0x00, 0x00, 0x00, 0x00, 0x00, 0x00, 0x00, 0x00, 0x00,
  0x00, 0x00, 0x00, 0x00, 0x00, 0x00, 0x00, 0x00, 0x00, 0x00, 0x00, 0x00,
  0x00, 0x00, 0x00, 0x00, 0x00, 0x00, 0x00, 0x00, 0x00, 0x00, 0x00, 0x00,
  0x00, 0x00, 0x00, 0x00, 0x00, 0x00, 0x00, 0x00, 0x00, 0x00, 0x00, 0x00,
  0x00, 0x00, 0x00, 0x00, 0x00, 0x00, 0x00, 0x00, 0x00, 0x00, 0x00, 0x00,
  0x00, 0x00, 0x00, 0x00, 0x00, 0x00, 0x00, 0x00, 0x00, 0x00, 0x00, 0x00,
  0x00, 0x00, 0x00, 0x00, 0x00, 0x00, 0x00, 0x00, 0x00, 0x00, 0x00, 0x00,
  0x00, 0x00, 0x00, 0x00, 0x00, 0x00, 0x00, 0x00, 0x00, 0x00, 0x00, 0x00,
  0x00, 0x00, 0x00, 0x00, 0x00, 0x00, 0x00, 0x00, 0x00, 0x00, 0x00, 0x00,
  0x00, 0x00, 0x00, 0x00, 0x00, 0x00, 0x00, 0x00, 0x00, 0x00, 0x00, 0x00,
  0x00, 0x00, 0x00, 0x00, 0x00, 0x00, 0x00, 0x00, 0x00, 0x00, 0x00, 0x00,
  0x00, 0x00, 0x00, 0x00, 0x00, 0x00, 0x00, 0x00, 0x00, 0x00, 0x00, 0x00,
  0x00, 0x00, 0x00, 0x00, 0x00, 0x00, 0x00, 0x00, 0x00, 0x00, 0x00, 0x00,
  0x00, 0x00, 0x00, 0x00, 0x00, 0x00, 0x00, 0x00, 0x00, 0x00, 0x00, 0x00,
  0x00, 0x00, 0x00, 0x00, 0x00, 0x00, 0x00, 0x00, 0x00, 0x00, 0x00, 0x00,
  0x00, 0x00, 0x00, 0x00, 0x00, 0x00, 0x00, 0x00, 0x00, 0x00, 0x00, 0x00,
  0x00, 0x00, 0x00, 0x00, 0x00, 0x00, 0x00, 0x00, 0x00, 0x00, 0x00, 0x00,
  0x00, 0x00, 0x00, 0x00, 0x00, 0x00, 0x00, 0x00, 0x00, 0x00, 0x00, 0x00,
  0x00, 0x00, 0x00, 0x00, 0x00, 0x00, 0x00, 0x00, 0x00, 0x00, 0x00, 0x00,
  0x00, 0x00, 0x00, 0x00, 0x00, 0x00, 0x00, 0x00, 0x00, 0x00, 0x00, 0x00,
  0x00, 0x00, 0x00, 0x00, 0x00, 0x00, 0x00, 0x00, 0x00, 0x00, 0x00, 0x00,
  0x00, 0x00, 0x00, 0x00, 0x00, 0x00, 0x00, 0x00, 0x00, 0x00, 0x00, 0x00,
  0x00, 0x00, 0x00, 0x00, 0x00, 0x00, 0x00, 0x00, 0x00, 0x00, 0x00, 0x00,
  0x00, 0x00, 0x00, 0x00, 0x00, 0x00, 0x00, 0x00, 0x00, 0x00, 0x00, 0x00,
  0x00, 0x00, 0x00, 0x00, 0x00, 0x00, 0x00, 0x00, 0x00, 0x00, 0x00, 0x00,
  0x00, 0x00, 0x00, 0x00, 0x00, 0x00, 0x00, 0x00, 0x00, 0x00, 0x00, 0x00,
  0x00, 0x00, 0x00, 0x00, 0x00, 0x00, 0x00, 0x00, 0x00, 0x00, 0x00, 0x00,
  0x00, 0x00, 0x00, 0x00, 0x00, 0x00, 0x00, 0x00, 0x00, 0x00, 0x00, 0x00,
  0x00, 0x00, 0x00, 0x00, 0x00, 0x00, 0x00, 0x00, 0x00, 0x00, 0x00, 0x00,
  0x00, 0x00, 0x00, 0x00, 0x00, 0x00, 0x00, 0x00, 0x00, 0x00, 0x00, 0x00,
  0x00, 0x00, 0x00, 0x00, 0x00, 0x00, 0x00, 0x00, 0x00, 0x00, 0x00, 0x00,
  0x00, 0x00, 0x00, 0x00, 0x00, 0x00, 0x00, 0x00, 0x00, 0x00, 0x00, 0x00,
  0x00, 0x00, 0x00, 0x00, 0x00, 0x00, 0x00, 0x00, 0x00, 0x00, 0x00, 0x00,
  0x00, 0x00, 0x00, 0x00, 0x00, 0x00, 0x00, 0x00, 0x00, 0x00, 0x00, 0x00,
  0x00, 0x00, 0x00, 0x00, 0x00, 0x00, 0x00, 0x00, 0x00, 0x00, 0x00, 0x00,
  0x00, 0x00, 0x00, 0x00, 0x00, 0x00, 0x00, 0x00, 0x00, 0x00, 0x00, 0x00,
  0x00, 0x00, 0x00, 0x00, 0x00, 0x00, 0x00, 0x00, 0x00, 0x00, 0x00, 0x00,
  0x00, 0x00, 0x00, 0x00, 0x00, 0x00, 0x00, 0x00, 0x00, 0x00, 0x00, 0x00,
  0x00, 0x00, 0x00, 0x00, 0x00, 0x00, 0x00, 0x00, 0x00, 0x00, 0x00, 0x00,
  0x00, 0x00, 0x00, 0x00, 0x00, 0x00, 0x00, 0x00, 0x00, 0x00, 0x00, 0x00,
  0x00, 0x00, 0x00, 0x00, 0x00, 0x00, 0x00, 0x00, 0x00, 0x00, 0x00, 0x00,
  0x00, 0x00, 0x00, 0x00, 0x00, 0x00, 0x00, 0x00, 0x00, 0x00, 0x00, 0x00,
  0x00, 0x00, 0x00, 0x00, 0x90, 0x90, 0x00, 0xbc, 0xd3, 0xd8, 0x00, 0x90,
  0xfb, 0x00, 0x00, 0x00, 0xfb, 0x00, 0xff, 0xb4, 0x1c, 0x1c, 0x00, 0xbe,
  0xb1, 0x18, 0x41, 0xcb, 0xab, 0x00, 0x41, 0x00, 0xd1, 0x00, 0x00, 0x12,
  0x1d, 0xe8, 0x00, 0xc2, 0x36, 0x3d, 0x43, 0xfa, 0xba, 0x00, 0xe7, 0x00,
  0xc2, 0x00, 0x01, 0x4f, 0x14, 0xf7, 0x00, 0xc9, 0x2b, 0x32, 0x1f, 0xf8,
  0xbf, 0x00, 0x06, 0x00, 0xb8, 0x00, 0xfd, 0x21, 0x3b, 0xf9, 0x00, 0xee,
  0x3c, 0x33, 0x2c, 0xf5, 0xcd, 0x00, 0x17, 0x00, 0xb4, 0x00, 0x02, 0x15,
  0x28, 0x17, 0x00, 0xe7, 0x19, 0x38, 0x23, 0x0a, 0xdf, 0x00, 0xf0, 0x00,
  0xb0, 0x00, 0x02, 0x12, 0x3c, 0x0d, 0x00, 0x04, 0x1f, 0x4a, 0x17, 0x1b,
  0xd9, 0x00, 0xf4, 0x00, 0xbe, 0x00, 0x15, 0x1e, 0x00, 0x31, 0x00, 0xfb,
  0x02, 0x02, 0x01, 0xf1, 0x00, 0x00, 0x00, 0x00, 0x05, 0x00, 0x00, 0x05,
  0xfb, 0x23, 0x00, 0xf9, 0x03, 0xca, 0x0a, 0xfc, 0x06, 0x00, 0xe6, 0x00,
  0x0d, 0x00, 0x08, 0x02, 0x07, 0x16, 0x00, 0x04, 0xff, 0xea, 0xf5, 0x04,
  0x03, 0x00, 0x07, 0x00, 0x1d, 0x00, 0x09, 0x27, 0x01, 0xf7, 0x00, 0x1d,
  0x0d, 0xf6, 0x06, 0x03, 0xf1, 0x00, 0x02, 0x00, 0xfb, 0x00, 0x09, 0x15,
  0x03, 0xfb, 0x00, 0x07, 0x14, 0x06, 0xfc, 0x05, 0x05, 0x00, 0x05, 0x00,
  0xfb, 0x00, 0xfd, 0xf1, 0x04, 0x0b, 0x00, 0x0f, 0x0a, 0xe6, 0xdd, 0x00,
  0xf1, 0x00, 0xff, 0x00, 0x0e, 0x00, 0x03, 0x1a, 0x08, 0x09, 0x00, 0x36,
  0x11, 0xff, 0xfa, 0xf8, 0xfd, 0x00, 0x00, 0x00, 0x02, 0x00, 0x32, 0x14,
  0x00, 0x00, 0x00, 0x00, 0x00, 0x00, 0x00, 0x00, 0x00, 0x00, 0x00, 0x00,
  0x00, 0x00, 0x00, 0x00, 0x00, 0x00, 0x00, 0x00, 0x00, 0x00, 0x00, 0x00,
  0x00, 0x00, 0x00, 0x00, 0x00, 0x00, 0x00, 0x00, 0x00, 0x00, 0x00, 0x00,
  0x00, 0x00, 0x00, 0x00, 0x00, 0x00, 0x00, 0x00, 0x00, 0x00, 0x00, 0x00,
  0x00, 0x00, 0x00, 0x00, 0x00, 0x00, 0x00, 0x00, 0x00, 0x00, 0x00, 0x00,
  0x00, 0x00, 0x00, 0x00, 0x00, 0x00, 0x00, 0x00, 0x00, 0x00, 0x00, 0x00,
  0x00, 0x00, 0x00, 0x00, 0x00, 0x00, 0x00, 0x00, 0x00, 0x00, 0x00, 0x00,
  0x00, 0x00, 0x00, 0x00, 0x00, 0x00, 0x00, 0x00, 0x00, 0x00, 0x00, 0x00,
  0x00, 0x00, 0x00, 0x00, 0x00, 0x00, 0x00, 0x00, 0x00, 0x00, 0x00, 0x00,
  0x00, 0x00, 0x00, 0x00, 0x00, 0x00, 0x00, 0x00, 0x00, 0x00, 0x00, 0x00,
  0x00, 0x00, 0x00, 0x00, 0x00, 0x00, 0x00, 0x00, 0x00, 0x00, 0x00, 0x00,
  0x00, 0x00, 0x00, 0x00, 0x00, 0x00, 0x00, 0x00, 0x00, 0x00, 0x00, 0x00,
  0x00, 0x00, 0x00, 0x00, 0x00, 0x00, 0x00, 0x00, 0x00, 0x00, 0x00, 0x00,
  0x00, 0x00, 0x00, 0x00, 0x00, 0x00, 0x00, 0x00, 0x00, 0x00, 0x00, 0x00,
  0x00, 0x00, 0x00, 0x00, 0x00, 0x00, 0x00, 0x00, 0x00, 0x00, 0x00, 0x00,
  0x00, 0x00, 0x00, 0x00, 0x00, 0x00, 0x00, 0x00, 0x00, 0x00, 0x00, 0x00,
  0x00, 0x00, 0x00, 0x00, 0x00, 0x00, 0x00, 0x00, 0x00, 0x00, 0x00, 0x00,
  0x00, 0x00, 0x00, 0x00, 0x00, 0x00, 0x00, 0x00, 0x00, 0x00, 0x00, 0x00,
  0x00, 0x00, 0x00, 0x00, 0x00, 0x00, 0x00, 0x00, 0x00, 0x00, 0x00, 0x00,
  0x00, 0x00, 0x00, 0x00, 0x00, 0x00, 0x00, 0x00, 0x00, 0x00, 0x00, 0x00,
  0x00, 0x00, 0x00, 0x00, 0x00, 0x00, 0x00, 0x00, 0x00, 0x00, 0x00, 0x00,
  0x00, 0x00, 0x00, 0x00, 0x00, 0x00, 0x00, 0x00, 0x00, 0x00, 0x00, 0x00,
  0x00, 0x00, 0x00, 0x00, 0x00, 0x00, 0x00, 0x00, 0x00, 0x00, 0x00, 0x00,
  0x00, 0x00, 0x00, 0x00, 0x00, 0x00, 0x00, 0x00, 0x00, 0x00, 0x00, 0x00,
  0x00, 0x00, 0x00, 0x00, 0x00, 0x00, 0x00, 0x00, 0x00, 0x00, 0x00, 0x00,
  0x00, 0x00, 0x00, 0x00, 0x00, 0x00, 0x00, 0x00, 0x00, 0x00, 0x00, 0x00,
  0x00, 0x00, 0x00, 0x00, 0x00, 0x00, 0x00, 0x00, 0x00, 0x00, 0x00, 0x00,
  0x00, 0x00, 0x00, 0x00, 0x00, 0x00, 0x00, 0x00, 0x00, 0x00, 0x00, 0x00,
  0x00, 0x00, 0x00, 0x00, 0x00, 0x00, 0x00, 0x00, 0x00, 0x00, 0x00, 0x00,
  0x00, 0x00, 0x00, 0x00, 0x00, 0x00, 0x00, 0x00, 0x00, 0x00, 0x00, 0x00,
  0x00, 0x00, 0x00, 0x00, 0x00, 0x00, 0x00, 0x00, 0x00, 0x00, 0x00, 0x00,
  0x00, 0x00, 0x00, 0x00, 0x00, 0x00, 0x00, 0x00, 0x00, 0x00, 0x00, 0x00,
  0x00, 0x00, 0x00, 0x00, 0x00, 0x00, 0x00, 0x00, 0x00, 0x00, 0x00, 0x00,
  0x00, 0x00, 0x00, 0x00, 0x00, 0x00, 0x00, 0x00, 0x00, 0x00, 0x00, 0x00,
  0x00, 0x00, 0x00, 0x00, 0x00, 0x00, 0x00, 0x00, 0x00, 0x00, 0x00, 0x00,
  0x00, 0x00, 0x00, 0x00, 0x00, 0x00, 0x00, 0x00, 0x00, 0x00, 0x00, 0x00,
  0x00, 0x00, 0x00, 0x00, 0x00, 0x00, 0x00, 0x00, 0x00, 0x00, 0x00, 0x00,
  0x00, 0x00, 0x00, 0x00, 0x00, 0x00, 0x00, 0x00, 0x00, 0x00, 0x00, 0x00,
  0x00, 0x00, 0x00, 0x00, 0x00, 0x00, 0x00, 0x00, 0x00, 0x00, 0x00, 0x00,
  0x00, 0x00, 0x00, 0x00, 0x00, 0x00, 0x00, 0x00, 0x00, 0x00, 0x00, 0x00,
  0x00, 0x00, 0x00, 0x00, 0x00, 0x00, 0x00, 0x00, 0x00, 0x00, 0x00, 0x00,
  0x00, 0x00, 0x00, 0x00, 0x00, 0x00, 0x00, 0x00, 0x00, 0x00, 0x00, 0x00,
  0x00, 0x00, 0x00, 0x00, 0x00, 0x00, 0x00, 0x00, 0x00, 0x00, 0x00, 0x00,
  0x00, 0x00, 0x00, 0x00, 0x00, 0x00, 0x00, 0x00, 0x00, 0x00, 0x00, 0x00,
  0x00, 0x00, 0x00, 0x00, 0x00, 0x00, 0x00, 0x00, 0x00, 0x00, 0x00, 0x00,
  0x00, 0x00, 0x00, 0x00, 0x00, 0x00, 0x00, 0x00, 0x00, 0x00, 0x00, 0x00,
  0x00, 0x00, 0x00, 0x00, 0x00, 0x00, 0x00, 0x00, 0x00, 0x00, 0x00, 0x00,
  0x00, 0x00, 0x00, 0x00, 0x00, 0x00, 0x00, 0x00, 0x00, 0x00, 0x00, 0x00,
  0x00, 0x00, 0x00, 0x00, 0x00, 0x00, 0x00, 0x00, 0x00, 0x00, 0x00, 0x00,
  0x00, 0x00, 0x00, 0x00, 0x00, 0x00, 0x00, 0x00, 0x00, 0x00, 0x00, 0x00,
  0x00, 0x00, 0x00, 0x00, 0x00, 0x00, 0x00, 0x00, 0x00, 0x00, 0x00, 0x00,
  0x00, 0x00, 0x00, 0x00, 0x00, 0x00, 0x00, 0x00, 0x00, 0x00, 0x00, 0x00,
  0x00, 0x00, 0x00, 0x00, 0x00, 0x00, 0x00, 0x00, 0x00, 0x00, 0x00, 0x00,
  0x00, 0x00, 0x00, 0x00, 0x00, 0x00, 0x00, 0x00, 0x00, 0x00, 0x00, 0x00,
  0x00, 0x00, 0x00, 0x00, 0x00, 0x00, 0x00, 0x00, 0x00, 0x00, 0x00, 0x00,
  0x00, 0x00, 0x00, 0x00, 0x00, 0x00, 0x00, 0x00, 0x00, 0x00, 0x00, 0x00,
  0x00, 0x00, 0x00, 0x00, 0x00, 0x00, 0x00, 0x00, 0x00, 0x00, 0x00, 0x00,
  0x00, 0x00, 0x00, 0x00, 0x00, 0x00, 0x00, 0x00, 0x00, 0x00, 0x00, 0x00,
  0x00, 0x00, 0x00, 0x00, 0x00, 0x00, 0x00, 0x00, 0x00, 0x00, 0x00, 0x00,
  0x00, 0x00, 0x00, 0x00, 0x00, 0x00, 0x00, 0x00, 0x00, 0x00, 0x00, 0x00,
  0x00, 0x00, 0x00, 0x00, 0x00, 0x00, 0x00, 0x00, 0x00, 0x00, 0x00, 0x00,
  0x00, 0x00, 0x00, 0x00, 0x00, 0x00, 0x00, 0x00, 0x00, 0x00, 0x00, 0x00,
  0x00, 0x00, 0x00, 0x00, 0x00, 0x00, 0x00, 0x00, 0x00, 0x00, 0x00, 0x00,
  0x00, 0x00, 0x00, 0x00, 0x00, 0x00, 0x00, 0x00, 0x00, 0x00, 0x00, 0x00,
  0x00, 0x00, 0x00, 0x00, 0x00, 0x00, 0x00, 0x00, 0x00, 0x00, 0x00, 0x00,
  0x00, 0x00, 0x00, 0x00, 0x00, 0x00, 0x00, 0x00, 0x00, 0x00, 0x00, 0x00,
  0x00, 0x00, 0x00, 0x00, 0x00, 0x00, 0x00, 0x00, 0x00, 0x00, 0x00, 0x00,
  0x00, 0x00, 0x00, 0x00, 0x00, 0x00, 0x00, 0x00, 0x00, 0x00, 0x00, 0x00,
  0x00, 0x00, 0x00, 0x00, 0x00, 0x00, 0x00, 0x00, 0x00, 0x00, 0x00, 0x00,
  0x00, 0x00, 0x00, 0x00, 0x00, 0x00, 0x00, 0x00, 0x00, 0x00, 0x00, 0x00,
  0x00, 0x00, 0x00, 0x00, 0x00, 0x00, 0x00, 0x00, 0x00, 0x00, 0x00, 0x00,
  0x00, 0x00, 0x00, 0x00, 0x00, 0x00, 0x00, 0x00, 0x00, 0x00, 0x00, 0x00,
  0x00, 0x00, 0x00, 0x00, 0x00, 0x00, 0x00, 0x00, 0x00, 0x00, 0x00, 0x00,
  0x00, 0x00, 0x00, 0x00, 0x00, 0x00, 0x00, 0x00, 0x00, 0x00, 0x00, 0x00,
  0x00, 0x00, 0x00, 0x00, 0x00, 0x00, 0x00, 0x00, 0x00, 0x00, 0x00, 0x00,
  0x00, 0x00, 0x00, 0x00, 0x00, 0x00, 0x00, 0x00, 0x00, 0x00, 0x00, 0x00,
  0x00, 0x00, 0x00, 0x00, 0x00, 0x00, 0x00, 0x00, 0x00, 0x00, 0x00, 0x00,
  0x00, 0x00, 0x00, 0x00, 0x00, 0x00, 0x00, 0x00, 0x00, 0x00, 0x00, 0x00,
  0x00, 0x00, 0x00, 0x00, 0x00, 0x00, 0x00, 0x00, 0x00, 0x00, 0x00, 0x00,
  0x00, 0x00, 0x00, 0x00, 0x00, 0x00, 0x00, 0x00, 0x00, 0x00, 0x00, 0x00,
  0x00, 0x00, 0x00, 0x00, 0x00, 0x00, 0x00, 0x00, 0x00, 0x00, 0x00, 0x00,
  0x00, 0x00, 0x00, 0x00, 0x00, 0x00, 0x00, 0x00, 0x00, 0x00, 0x00, 0x00,
  0x00, 0x00, 0x00, 0x00, 0x00, 0x00, 0x00, 0x00, 0x00, 0x00, 0x00, 0x00,
  0x00, 0x00, 0x00, 0x00, 0x00, 0x00, 0x00, 0x00, 0x00, 0x00, 0x00, 0x00,
  0x00, 0x00, 0x00, 0x00, 0x00, 0x00, 0x00, 0x00, 0x00, 0x00, 0x00, 0x00,
  0x00, 0x00, 0x00, 0x00, 0x00, 0x00, 0x00, 0x00, 0x00, 0x00, 0x00, 0x00,
  0x00, 0x00, 0x00, 0x00, 0x00, 0x00, 0x00, 0x00, 0x00, 0x00, 0x00, 0x00,
  0x00, 0x00, 0x00, 0x00, 0x00, 0x00, 0x00, 0x00, 0x00, 0x00, 0x00, 0x00,
  0x00, 0x00, 0x00, 0x00, 0x00, 0x00, 0x00, 0x00, 0x00, 0x00, 0x00, 0x00,
  0x00, 0x00, 0x00, 0x00, 0x00, 0x00, 0x00, 0x00, 0x00, 0x00, 0x00, 0x00,
  0x00, 0x00, 0x00, 0x00, 0x00, 0x00, 0x00, 0x00, 0x00, 0x00, 0x00, 0x00,
  0x00, 0x00, 0x00, 0x00, 0x00, 0x00, 0x00, 0x00, 0x00, 0x00, 0x00, 0x00,
  0x00, 0x00, 0x00, 0x00, 0x00, 0x00, 0x00, 0x00, 0x00, 0x00, 0x00, 0x00,
  0x00, 0x00, 0x00, 0x00, 0x95, 0x89, 0x00, 0xb6, 0xc3, 0xe3, 0x01, 0x97,
  0xfd, 0x00, 0x03, 0x00, 0xf6, 0x00, 0x00, 0xbc, 0x0a, 0x0d, 0x00, 0xb5,
  0xa6, 0x24, 0x44, 0xe2, 0xaf, 0x00, 0x3a, 0x00, 0xc3, 0x00, 0x00, 0x16,
  0x22, 0xfb, 0x00, 0xc1, 0x1f, 0x32, 0x2f, 0xe8, 0xc8, 0x00, 0xe4, 0x00,
  0xc2, 0x00, 0x01, 0x4d, 0x10, 0xf1, 0x00, 0xed, 0x29, 0x29, 0x29, 0xf6,
  0xbb, 0x00, 0x01, 0x00, 0xc2, 0x00, 0xfe, 0x16, 0x41, 0xff, 0x00, 0x03,
  0x1e, 0x3f, 0x17, 0xf5, 0xd6, 0x00, 0x02, 0x00, 0xc2, 0x00, 0x00, 0x20,
  0x2a, 0x14, 0x00, 0xd3, 0x1a, 0x32, 0x28, 0x04, 0xec, 0x00, 0xf4, 0x00,
  0xbd, 0x00, 0xfc, 0x17, 0x3d, 0x0a, 0x00, 0x04, 0x2e, 0x46, 0x2f, 0x1a,
  0xde, 0x00, 0xf3, 0x00, 0xb6, 0x00, 0x12, 0x19, 0x01, 0x2a, 0x00, 0xfb,
  0x01, 0x02, 0x01, 0xf5, 0xff, 0x00, 0x00, 0x00, 0x02, 0x00, 0xfd, 0x01,
  0xfd, 0x21, 0x00, 0xef, 0x05, 0xd3, 0x13, 0x03, 0xff, 0x00, 0xe5, 0x00,
  0x05, 0x00, 0x0a, 0x0a, 0x04, 0x02, 0x00, 0xf6, 0xfe, 0xf8, 0xed, 0x05,
  0x09, 0x00, 0x07, 0x00, 0x15, 0x00, 0x08, 0x16, 0x02, 0xe6, 0x00, 0x0f,
  0x18, 0xf9, 0xfc, 0x02, 0xfa, 0x00, 0x00, 0x00, 0xed, 0x00, 0x09, 0x00,
  0x00, 0xfd, 0x00, 0xff, 0x13, 0xf4, 0x00, 0x04, 0x01, 0x00, 0x0a, 0x00,
  0x0d, 0x00, 0xf8, 0xfd, 0x01, 0x0a, 0x00, 0x14, 0x0c, 0xf1, 0xda, 0xfd,
  0xeb, 0x00, 0x01, 0x00, 0xfe, 0x00, 0x07, 0x0d, 0x02, 0xff, 0x00, 0x31,
  0x12, 0xf5, 0x07, 0x04, 0x03, 0x00, 0x02, 0x00, 0x0d, 0x00, 0x37, 0x0b,
  0x90, 0x84, 0x00, 0xb1, 0xe5, 0xed, 0x08, 0x81, 0xf8, 0x00, 0x09, 0x00,
  0xf7, 0x00, 0x06, 0xd2, 0x16, 0x0d, 0x00, 0xba, 0xb8, 0x30, 0x39, 0xed,
  0xa5, 0x00, 0x42, 0x00, 0xc0, 0x00, 0x00, 0x1d, 0x1e, 0xfe, 0x00, 0xad,
  0x26, 0x3a, 0x3a, 0xf9, 0xb8, 0x00, 0xe8, 0x00, 0xba, 0x00, 0x01, 0x52,
  0x20, 0xf7, 0x00, 0xe9, 0x1c, 0x29, 0x0d, 0xf9, 0xc4, 0x00, 0x05, 0x00,
  0xbd, 0x00, 0xf5, 0x20, 0x4a, 0xf3, 0x00, 0xf5, 0x20, 0x3a, 0x22, 0xfc,
  0xd3, 0x00, 0x05, 0x00, 0xbc, 0x00, 0x04, 0x1b, 0x26, 0x14, 0x00, 0xd7,
  0x1f, 0x4a, 0x31, 0x00, 0xd3, 0x00, 0xf2, 0x00, 0xbf, 0x00, 0x0c, 0x1e,
  0x3f, 0x0d, 0x00, 0x06, 0x29, 0x4b, 0x33, 0x27, 0xe0, 0x00, 0xfc, 0x00,
  0xa7, 0x00, 0x18, 0x11, 0x00, 0x31, 0x00, 0xf3, 0x03, 0x02, 0xfb, 0xe7,
  0x01, 0x00, 0x02, 0x00, 0xfe, 0x00, 0x02, 0x00, 0x01, 0x24, 0x00, 0xfc,
  0xf9, 0xc0, 0x05, 0xf8, 0x02, 0x00, 0xeb, 0x00, 0xf9, 0x00, 0x10, 0x0f,
  0xfe, 0x0d, 0x00, 0xfc, 0x04, 0xef, 0xf0, 0x01, 0x10, 0x00, 0x09, 0x00,
  0x1b, 0x00, 0x0a, 0x03, 0xfb, 0xfc, 0x00, 0x22, 0x11, 0x00, 0x10, 0x02,
  0xfc, 0x00, 0x01, 0x00, 0xf7, 0x00, 0x06, 0xfe, 0xfd, 0xf9, 0x00, 0x05,
  0x12, 0x01, 0x01, 0x04, 0x0d, 0x00, 0x08, 0x00, 0x02, 0x00, 0xf5, 0xf7,
  0xfa, 0xfe, 0x00, 0x08, 0x05, 0xf1, 0xe3, 0xff, 0xec, 0x00, 0x08, 0x00,
  0x0e, 0x00, 0xfd, 0x16, 0x04, 0x0b, 0x00, 0x43, 0x13, 0x14, 0x09, 0xff,
  0xfc, 0x00, 0xf7, 0x00, 0x0b, 0x00, 0x20, 0x0f, 0x00, 0x00, 0x00, 0x00,
  0x00, 0x00, 0x00, 0x00, 0x00, 0x00, 0x00, 0x00, 0x00, 0x00, 0x00, 0x00,
  0x00, 0x00, 0x00, 0x00, 0x00, 0x00, 0x00, 0x00, 0x00, 0x00, 0x00, 0x00,
  0x00, 0x00, 0x00, 0x00, 0x00, 0x00, 0x00, 0x00, 0x00, 0x00, 0x00, 0x00,
  0x00, 0x00, 0x00, 0x00, 0x00, 0x00, 0x00, 0x00, 0x00, 0x00, 0x00, 0x00,
  0x00, 0x00, 0x00, 0x00, 0x00, 0x00, 0x00, 0x00, 0x00, 0x00, 0x00, 0x00,
  0x00, 0x00, 0x00, 0x00, 0x00, 0x00, 0x00, 0x00, 0x00, 0x00, 0x00, 0x00,
  0x00, 0x00, 0x00, 0x00, 0x00, 0x00, 0x00, 0x00, 0x00, 0x00, 0x00, 0x00,
  0x00, 0x00, 0x00, 0x00, 0x00, 0x00, 0x00, 0x00, 0x00, 0x00, 0x00, 0x00,
  0x00, 0x00, 0x00, 0x00, 0x00, 0x00, 0x00, 0x00, 0x00, 0x00, 0x00, 0x00,
  0x00, 0x00, 0x00, 0x00, 0x00, 0x00, 0x00, 0x00, 0x00, 0x00, 0x00, 0x00,
  0x00, 0x00, 0x00, 0x00, 0x00, 0x00, 0x00, 0x00, 0x00, 0x00, 0x00, 0x00,
  0x00, 0x00, 0x00, 0x00, 0x00, 0x00, 0x00, 0x00, 0x00, 0x00, 0x00, 0x00,
  0x00, 0x00, 0x00, 0x00, 0x00, 0x00, 0x00, 0x00, 0x00, 0x00, 0x00, 0x00,
  0x00, 0x00, 0x00, 0x00, 0x00, 0x00, 0x00, 0x00, 0x00, 0x00, 0x00, 0x00,
  0x00, 0x00, 0x00, 0x00, 0x00, 0x00, 0x00, 0x00, 0x00, 0x00, 0x00, 0x00,
  0x00, 0x00, 0x00, 0x00, 0x00, 0x00, 0x00, 0x00, 0x00, 0x00, 0x00, 0x00,
  0x00, 0x00, 0x00, 0x00, 0x00, 0x00, 0x00, 0x00, 0x00, 0x00, 0x00, 0x00,
  0x00, 0x00, 0x00, 0x00, 0x00, 0x00, 0x00, 0x00, 0x00, 0x00, 0x00, 0x00,
  0x00, 0x00, 0x00, 0x00, 0x00, 0x00, 0x00, 0x00, 0x00, 0x00, 0x00, 0x00,
  0x00, 0x00, 0x00, 0x00, 0x00, 0x00, 0x00, 0x00, 0x00, 0x00, 0x00, 0x00,
  0x00, 0x00, 0x00, 0x00, 0x00, 0x00, 0x00, 0x00, 0x00, 0x00, 0x00, 0x00,
  0x00, 0x00, 0x00, 0x00, 0x00, 0x00, 0x00, 0x00, 0x00, 0x00, 0x00, 0x00,
  0x00, 0x00, 0x00, 0x00, 0x00, 0x00, 0x00, 0x00, 0x00, 0x00, 0x00, 0x00,
  0x00, 0x00, 0x00, 0x00, 0x00, 0x00, 0x00, 0x00, 0x00, 0x00, 0x00, 0x00,
  0x00, 0x00, 0x00, 0x00, 0x00, 0x00, 0x00, 0x00, 0x00, 0x00, 0x00, 0x00,
  0x00, 0x00, 0x00, 0x00, 0x00, 0x00, 0x00, 0x00, 0x00, 0x00, 0x00, 0x00,
  0x00, 0x00, 0x00, 0x00, 0x00, 0x00, 0x00, 0x00, 0x00, 0x00, 0x00, 0x00,
  0x00, 0x00, 0x00, 0x00, 0x00, 0x00, 0x00, 0x00, 0x00, 0x00, 0x00, 0x00,
  0x00, 0x00, 0x00, 0x00, 0x00, 0x00, 0x00, 0x00, 0x00, 0x00, 0x00, 0x00,
  0x00, 0x00, 0x00, 0x00, 0x00, 0x00, 0x00, 0x00, 0x00, 0x00, 0x00, 0x00,
  0x00, 0x00, 0x00, 0x00, 0x00, 0x00, 0x00, 0x00, 0x00, 0x00, 0x00, 0x00,
  0x00, 0x00, 0x00, 0x00, 0x00, 0x00, 0x00, 0x00, 0x00, 0x00, 0x00, 0x00,
  0x00, 0x00, 0x00, 0x00, 0x00, 0x00, 0x00, 0x00, 0x00, 0x00, 0x00, 0x00,
  0x00, 0x00, 0x00, 0x00, 0x00, 0x00, 0x00, 0x00, 0x00, 0x00, 0x00, 0x00,
  0x00, 0x00, 0x00, 0x00, 0x00, 0x00, 0x00, 0x00, 0x00, 0x00, 0x00, 0x00,
  0x00, 0x00, 0x00, 0x00, 0x00, 0x00, 0x00, 0x00, 0x00, 0x00, 0x00, 0x00,
  0x00, 0x00, 0x00, 0x00, 0x00, 0x00, 0x00, 0x00, 0x00, 0x00, 0x00, 0x00,
  0x00, 0x00, 0x00, 0x00, 0x00, 0x00, 0x00, 0x00, 0x00, 0x00, 0x00, 0x00,
  0x00, 0x00, 0x00, 0x00, 0x00, 0x00, 0x00, 0x00, 0x00, 0x00, 0x00, 0x00,
  0x00, 0x00, 0x00, 0x00, 0x00, 0x00, 0x00, 0x00, 0x00, 0x00, 0x00, 0x00,
  0x00, 0x00, 0x00, 0x00, 0x00, 0x00, 0x00, 0x00, 0x00, 0x00, 0x00, 0x00,
  0x00, 0x00, 0x00, 0x00, 0x00, 0x00, 0x00, 0x00, 0x00, 0x00, 0x00, 0x00,
  0x00, 0x00, 0x00, 0x00, 0x00, 0x00, 0x00, 0x00, 0x00, 0x00, 0x00, 0x00,
  0x00, 0x00, 0x00, 0x00, 0x00, 0x00, 0x00, 0x00, 0x00, 0x00, 0x00, 0x00,
  0x00, 0x00, 0x00, 0x00, 0x00, 0x00, 0x00, 0x00, 0x00, 0x00, 0x00, 0x00,
  0x00, 0x00, 0x00, 0x00, 0x00, 0x00, 0x00, 0x00, 0x00, 0x00, 0x00, 0x00,
  0x00, 0x00, 0x00, 0x00, 0x00, 0x00, 0x00, 0x00, 0x00, 0x00, 0x00, 0x00,
  0x00, 0x00, 0x00, 0x00, 0x00, 0x00, 0x00, 0x00, 0x00, 0x00, 0x00, 0x00,
  0x00, 0x00, 0x00, 0x00, 0x00, 0x00, 0x00, 0x00, 0x00, 0x00, 0x00, 0x00,
  0x00, 0x00, 0x00, 0x00, 0x00, 0x00, 0x00, 0x00, 0x00, 0x00, 0x00, 0x00,
  0x00, 0x00, 0x00, 0x00, 0x00, 0x00, 0x00, 0x00, 0x00, 0x00, 0x00, 0x00,
  0x00, 0x00, 0x00, 0x00, 0x00, 0x00, 0x00, 0x00, 0x00, 0x00, 0x00, 0x00,
  0x00, 0x00, 0x00, 0x00, 0x00, 0x00, 0x00, 0x00, 0x00, 0x00, 0x00, 0x00,
  0x00, 0x00, 0x00, 0x00, 0x00, 0x00, 0x00, 0x00, 0x00, 0x00, 0x00, 0x00,
  0x00, 0x00, 0x00, 0x00, 0x00, 0x00, 0x00, 0x00, 0x00, 0x00, 0x00, 0x00,
  0x00, 0x00, 0x00, 0x00, 0x00, 0x00, 0x00, 0x00, 0x00, 0x00, 0x00, 0x00,
  0x00, 0x00, 0x00, 0x00, 0x00, 0x00, 0x00, 0x00, 0x00, 0x00, 0x00, 0x00,
  0x00, 0x00, 0x00, 0x00, 0x00, 0x00, 0x00, 0x00, 0x00, 0x00, 0x00, 0x00,
  0x00, 0x00, 0x00, 0x00, 0x00, 0x00, 0x00, 0x00, 0x00, 0x00, 0x00, 0x00,
  0x00, 0x00, 0x00, 0x00, 0x00, 0x00, 0x00, 0x00, 0x00, 0x00, 0x00, 0x00,
  0x00, 0x00, 0x00, 0x00, 0x00, 0x00, 0x00, 0x00, 0x00, 0x00, 0x00, 0x00,
  0x00, 0x00, 0x00, 0x00, 0x00, 0x00, 0x00, 0x00, 0x00, 0x00, 0x00, 0x00,
  0x00, 0x00, 0x00, 0x00, 0x00, 0x00, 0x00, 0x00, 0x00, 0x00, 0x00, 0x00,
  0x00, 0x00, 0x00, 0x00, 0x00, 0x00, 0x00, 0x00, 0x00, 0x00, 0x00, 0x00,
  0x00, 0x00, 0x00, 0x00, 0x00, 0x00, 0x00, 0x00, 0x00, 0x00, 0x00, 0x00,
  0x00, 0x00, 0x00, 0x00, 0x00, 0x00, 0x00, 0x00, 0x00, 0x00, 0x00, 0x00,
  0x00, 0x00, 0x00, 0x00, 0x00, 0x00, 0x00, 0x00, 0x00, 0x00, 0x00, 0x00,
  0x00, 0x00, 0x00, 0x00, 0x00, 0x00, 0x00, 0x00, 0x00, 0x00, 0x00, 0x00,
  0x00, 0x00, 0x00, 0x00, 0x00, 0x00, 0x00, 0x00, 0x00, 0x00, 0x00, 0x00,
  0x00, 0x00, 0x00, 0x00, 0x00, 0x00, 0x00, 0x00, 0x00, 0x00, 0x00, 0x00,
  0x00, 0x00, 0x00, 0x00, 0x00, 0x00, 0x00, 0x00, 0x00, 0x00, 0x00, 0x00,
  0x00, 0x00, 0x00, 0x00, 0x00, 0x00, 0x00, 0x00, 0x00, 0x00, 0x00, 0x00,
  0x00, 0x00, 0x00, 0x00, 0x00, 0x00, 0x00, 0x00, 0x00, 0x00, 0x00, 0x00,
  0x00, 0x00, 0x00, 0x00, 0x00, 0x00, 0x00, 0x00, 0x00, 0x00, 0x00, 0x00,
  0x00, 0x00, 0x00, 0x00, 0x00, 0x00, 0x00, 0x00, 0x00, 0x00, 0x00, 0x00,
  0x00, 0x00, 0x00, 0x00, 0x00, 0x00, 0x00, 0x00, 0x00, 0x00, 0x00, 0x00,
  0x00, 0x00, 0x00, 0x00, 0x00, 0x00, 0x00, 0x00, 0x00, 0x00, 0x00, 0x00,
  0x00, 0x00, 0x00, 0x00, 0x00, 0x00, 0x00, 0x00, 0x00, 0x00, 0x00, 0x00,
  0x00, 0x00, 0x00, 0x00, 0x00, 0x00, 0x00, 0x00, 0x00, 0x00, 0x00, 0x00,
  0x00, 0x00, 0x00, 0x00, 0x00, 0x00, 0x00, 0x00, 0x00, 0x00, 0x00, 0x00,
  0x00, 0x00, 0x00, 0x00, 0x00, 0x00, 0x00, 0x00, 0x00, 0x00, 0x00, 0x00,
  0x00, 0x00, 0x00, 0x00, 0x00, 0x00, 0x00, 0x00, 0x00, 0x00, 0x00, 0x00,
  0x00, 0x00, 0x00, 0x00, 0x00, 0x00, 0x00, 0x00, 0x00, 0x00, 0x00, 0x00,
  0x00, 0x00, 0x00, 0x00, 0x00, 0x00, 0x00, 0x00, 0x00, 0x00, 0x00, 0x00,
  0x00, 0x00, 0x00, 0x00, 0x00, 0x00, 0x00, 0x00, 0x00, 0x00, 0x00, 0x00,
  0x00, 0x00, 0x00, 0x00, 0x00, 0x00, 0x00, 0x00, 0x00, 0x00, 0x00, 0x00,
  0x00, 0x00, 0x00, 0x00, 0x00, 0x00, 0x00, 0x00, 0x00, 0x00, 0x00, 0x00,
  0x00, 0x00, 0x00, 0x00, 0x00, 0x00, 0x00, 0x00, 0x00, 0x00, 0x00, 0x00,
  0x00, 0x00, 0x00, 0x00, 0x00, 0x00, 0x00, 0x00, 0x00, 0x00, 0x00, 0x00,
  0x00, 0x00, 0x00, 0x00, 0x00, 0x00, 0x00, 0x00, 0x00, 0x00, 0x00, 0x00,
  0x00, 0x00, 0x00, 0x00, 0x00, 0x00, 0x00, 0x00, 0x00, 0x00, 0x00, 0x00,
  0x00, 0x00, 0x00, 0x00, 0x00, 0x00, 0x00, 0x00, 0x00, 0x00, 0x00, 0x00,
  0x00, 0x00, 0x00, 0x00, 0x00, 0x00, 0x00, 0x00, 0x00, 0x00, 0x00, 0x00,
  0x95, 0x8e, 0x00, 0xc0, 0xd9, 0xda, 0x06, 0x86, 0xf8, 0x00, 0x02, 0x00,
  0xf6, 0x00, 0x03, 0xac, 0x0c, 0x25, 0x00, 0xc4, 0xac, 0x26, 0x33, 0xd9,
  0xa5, 0x00, 0x3d, 0x00, 0xd3, 0x00, 0x00, 0x12, 0x0f, 0xee, 0x00, 0xca,
  0x40, 0x2a, 0x3c, 0xfb, 0xbe, 0x00, 0xeb, 0x00, 0xb6, 0x00, 0x00, 0x41,
  0x20, 0xe9, 0x00, 0xd4, 0x20, 0x28, 0x15, 0xfa, 0xc3, 0x00, 0x06, 0x00,
  0xc9, 0x00, 0xf6, 0x28, 0x48, 0x02, 0x00, 0xed, 0x35, 0x3e, 0x23, 0xfc,
  0xd3, 0x00, 0x0d, 0x00, 0xb1, 0x00, 0x00, 0x29, 0x24, 0x11, 0x00, 0xd4,
  0x17, 0x3b, 0x21, 0x08, 0xe6, 0x00, 0xed, 0x00, 0xaa, 0x00, 0x05, 0x13,
  0x34, 0x02, 0x00, 0x11, 0x26, 0x3a, 0x28, 0x1d, 0xe4, 0x00, 0xfa, 0x00,
  0xab, 0x00, 0x10, 0x0b, 0xfe, 0x3c, 0x00, 0xfc, 0x02, 0x03, 0x01, 0xfa,
  0x01, 0x00, 0x02, 0x00, 0xfe, 0x00, 0xff, 0x00, 0xf7, 0x19, 0x00, 0xe9,
  0x02, 0xc0, 0x02, 0xfe, 0x03, 0x00, 0xea, 0x00, 0x07, 0x00, 0x06, 0x04,
  0xff, 0x10, 0x00, 0xf9, 0x02, 0xeb, 0xfd, 0x03, 0x0d, 0x00, 0x05, 0x00,
  0x0f, 0x00, 0x08, 0x29, 0x00, 0xe0, 0x00, 0x23, 0x0c, 0x03, 0x04, 0x00,
  0x02, 0x00, 0xfc, 0x00, 0x03, 0x00, 0x04, 0x07, 0x02, 0x02, 0x00, 0xfe,
  0x0e, 0xfe, 0x09, 0x01, 0xfb, 0x00, 0x05, 0x00, 0x08, 0x00, 0xff, 0xf1,
  0xf5, 0x04, 0x00, 0x1b, 0x03, 0x04, 0xd9, 0xff, 0xea, 0x00, 0x00, 0x00,
  0x0a, 0x00, 0xfd, 0x1e, 0x12, 0x03, 0x00, 0x36, 0x09, 0x07, 0x09, 0x03,
  0xf1, 0x00, 0xf9, 0x00, 0x08, 0x00, 0x26, 0x10, 0xaa, 0x8d, 0x00, 0xba,
  0xd5, 0xef, 0xfb, 0x9f, 0xf9, 0x00, 0x04, 0x00, 0x02, 0x00, 0xfe, 0xd7,
  0x21, 0x19, 0x00, 0xbb, 0xae, 0x29, 0x46, 0xe7, 0xae, 0x00, 0x33, 0x00,
  0xd0, 0x00, 0x00, 0x1f, 0x2e, 0xe3, 0x00, 0xb7, 0x1d, 0x2c, 0x2a, 0xfe,
  0xdf, 0x00, 0xed, 0x00, 0xcf, 0x00, 0x00, 0x3e, 0x1a, 0xfa, 0x00, 0xe3,
  0x1d, 0x20, 0x08, 0xf5, 0xbd, 0x00, 0xfe, 0x00, 0xc2, 0x00, 0xfc, 0x20,
  0x44, 0xfa, 0x00, 0xeb, 0x28, 0x41, 0x16, 0xf2, 0xe2, 0x00, 0x02, 0x00,
  0xb6, 0x00, 0x02, 0x20, 0x3f, 0x05, 0x00, 0xdf, 0x09, 0x37, 0x40, 0x05,
  0xe3, 0x00, 0xec, 0x00, 0xc5, 0x00, 0x01, 0x14, 0x3a, 0x0f, 0x00, 0x04,
  0x2c, 0x35, 0x28, 0x1a, 0xff, 0x00, 0xf5, 0x00, 0xba, 0x00, 0x11, 0x24,
  0xfc, 0x13, 0x00, 0xf9, 0x02, 0x09, 0x02, 0xe7, 0xfe, 0x00, 0x02, 0x00,
  0x00, 0x00, 0x01, 0x01, 0xf0, 0x2d, 0x00, 0xf4, 0x06, 0xcb, 0x0f, 0xfd,
  0x02, 0x00, 0xe9, 0x00, 0x01, 0x00, 0x03, 0x0d, 0x07, 0x06, 0x00, 0xfb,
  0x03, 0xfe, 0xe7, 0x02, 0x0f, 0x00, 0x00, 0x00, 0x17, 0x00, 0x0d, 0x13,
  0x08, 0xef, 0x00, 0x21, 0x11, 0x00, 0x0e, 0x06, 0xfd, 0x00, 0xfc, 0x00,
  0xf1, 0x00, 0x0c, 0x08, 0x04, 0x15, 0x00, 0xe9, 0x16, 0xfa, 0xfd, 0xfa,
  0xf6, 0x00, 0x08, 0x00, 0x05, 0x00, 0xf2, 0xf2, 0xfb, 0xf8, 0x00, 0x1a,
  0x03, 0xf8, 0xdc, 0xfe, 0xe6, 0x00, 0xff, 0x00, 0x08, 0x00, 0x11, 0x10,
  0xff, 0x0a, 0x00, 0x29, 0x11, 0x01, 0x03, 0xff, 0x04, 0x00, 0xfa, 0x00,
  0x0b, 0x00, 0x2f, 0xf7, 0x00, 0x00, 0x00, 0x00, 0x00, 0x00, 0x00, 0x00,
  0x00, 0x00, 0x00, 0x00, 0x00, 0x00, 0x00, 0x00, 0x00, 0x00, 0x00, 0x00,
  0x00, 0x00, 0x00, 0x00, 0x00, 0x00, 0x00, 0x00, 0x00, 0x00, 0x00, 0x00,
  0x00, 0x00, 0x00, 0x00, 0x00, 0x00, 0x00, 0x00, 0x00, 0x00, 0x00, 0x00,
  0x00, 0x00, 0x00, 0x00, 0x00, 0x00, 0x00, 0x00, 0x00, 0x00, 0x00, 0x00,
  0x00, 0x00, 0x00, 0x00, 0x00, 0x00, 0x00, 0x00, 0x00, 0x00, 0x00, 0x00,
  0x00, 0x00, 0x00, 0x00, 0x00, 0x00, 0x00, 0x00, 0x00, 0x00, 0x00, 0x00,
  0x00, 0x00, 0x00, 0x00, 0x00, 0x00, 0x00, 0x00, 0x00, 0x00, 0x00, 0x00,
  0x00, 0x00, 0x00, 0x00, 0x00, 0x00, 0x00, 0x00, 0x00, 0x00, 0x00, 0x00,
  0x00, 0x00, 0x00, 0x00, 0x00, 0x00, 0x00, 0x00, 0x00, 0x00, 0x00, 0x00,
  0x00, 0x00, 0x00, 0x00, 0x00, 0x00, 0x00, 0x00, 0x00, 0x00, 0x00, 0x00,
  0x00, 0x00, 0x00, 0x00, 0x00, 0x00, 0x00, 0x00, 0x00, 0x00, 0x00, 0x00,
  0x00, 0x00, 0x00, 0x00, 0x00, 0x00, 0x00, 0x00, 0x00, 0x00, 0x00, 0x00,
  0x00, 0x00, 0x00, 0x00, 0x00, 0x00, 0x00, 0x00, 0x00, 0x00, 0x00, 0x00,
  0x00, 0x00, 0x00, 0x00, 0x00, 0x00, 0x00, 0x00, 0x00, 0x00, 0x00, 0x00,
  0x00, 0x00, 0x00, 0x00, 0x00, 0x00, 0x00, 0x00, 0x00, 0x00, 0x00, 0x00,
  0x00, 0x00, 0x00, 0x00, 0x00, 0x00, 0x00, 0x00, 0x00, 0x00, 0x00, 0x00,
  0x00, 0x00, 0x00, 0x00, 0x00, 0x00, 0x00, 0x00, 0x00, 0x00, 0x00, 0x00,
  0x00, 0x00, 0x00, 0x00, 0x00, 0x00, 0x00, 0x00, 0x00, 0x00, 0x00, 0x00,
  0x00, 0x00, 0x00, 0x00, 0x00, 0x00, 0x00, 0x00, 0x00, 0x00, 0x00, 0x00,
  0x00, 0x00, 0x00, 0x00, 0x00, 0x00, 0x00, 0x00, 0x00, 0x00, 0x00, 0x00,
  0x00, 0x00, 0x00, 0x00, 0x00, 0x00, 0x00, 0x00, 0x00, 0x00, 0x00, 0x00,
  0x00, 0x00, 0x00, 0x00, 0x00, 0x00, 0x00, 0x00, 0x00, 0x00, 0x00, 0x00,
  0x00, 0x00, 0x00, 0x00, 0x00, 0x00, 0x00, 0x00, 0x00, 0x00, 0x00, 0x00,
  0x00, 0x00, 0x00, 0x00, 0x00, 0x00, 0x00, 0x00, 0x00, 0x00, 0x00, 0x00,
  0x00, 0x00, 0x00, 0x00, 0x00, 0x00, 0x00, 0x00, 0x00, 0x00, 0x00, 0x00,
  0x00, 0x00, 0x00, 0x00, 0x00, 0x00, 0x00, 0x00, 0x00, 0x00, 0x00, 0x00,
  0x00, 0x00, 0x00, 0x00, 0x00, 0x00, 0x00, 0x00, 0x00, 0x00, 0x00, 0x00,
  0x00, 0x00, 0x00, 0x00, 0x00, 0x00, 0x00, 0x00, 0x00, 0x00, 0x00, 0x00,
  0x00, 0x00, 0x00, 0x00, 0x00, 0x00, 0x00, 0x00, 0x00, 0x00, 0x00, 0x00,
  0x00, 0x00, 0x00, 0x00, 0x00, 0x00, 0x00, 0x00, 0x00, 0x00, 0x00, 0x00,
  0x00, 0x00, 0x00, 0x00, 0x00, 0x00, 0x00, 0x00, 0x00, 0x00, 0x00, 0x00,
  0x00, 0x00, 0x00, 0x00, 0x00, 0x00, 0x00, 0x00, 0x00, 0x00, 0x00, 0x00,
  0x00, 0x00, 0x00, 0x00, 0x00, 0x00, 0x00, 0x00, 0x00, 0x00, 0x00, 0x00,
  0x00, 0x00, 0x00, 0x00, 0x00, 0x00, 0x00, 0x00, 0x00, 0x00, 0x00, 0x00,
  0x00, 0x00, 0x00, 0x00, 0x00, 0x00, 0x00, 0x00, 0x00, 0x00, 0x00, 0x00,
  0x00, 0x00, 0x00, 0x00, 0x00, 0x00, 0x00, 0x00, 0x00, 0x00, 0x00, 0x00,
  0x00, 0x00, 0x00, 0x00, 0x00, 0x00, 0x00, 0x00, 0x00, 0x00, 0x00, 0x00,
  0x00, 0x00, 0x00, 0x00, 0x00, 0x00, 0x00, 0x00, 0x00, 0x00, 0x00, 0x00,
  0x00, 0x00, 0x00, 0x00, 0x00, 0x00, 0x00, 0x00, 0x00, 0x00, 0x00, 0x00,
  0x00, 0x00, 0x00, 0x00, 0x00, 0x00, 0x00, 0x00, 0x00, 0x00, 0x00, 0x00,
  0x00, 0x00, 0x00, 0x00, 0x00, 0x00, 0x00, 0x00, 0x00, 0x00, 0x00, 0x00,
  0x00, 0x00, 0x00, 0x00, 0x00, 0x00, 0x00, 0x00, 0x00, 0x00, 0x00, 0x00,
  0x00, 0x00, 0x00, 0x00, 0x00, 0x00, 0x00, 0x00, 0x00, 0x00, 0x00, 0x00,
  0x00, 0x00, 0x00, 0x00, 0x00, 0x00, 0x00, 0x00, 0x00, 0x00, 0x00, 0x00,
  0x00, 0x00, 0x00, 0x00, 0x00, 0x00, 0x00, 0x00, 0x00, 0x00, 0x00, 0x00,
  0x00, 0x00, 0x00, 0x00, 0x00, 0x00, 0x00, 0x00, 0x00, 0x00, 0x00, 0x00,
  0x00, 0x00, 0x00, 0x00, 0x00, 0x00, 0x00, 0x00, 0x00, 0x00, 0x00, 0x00,
  0x00, 0x00, 0x00, 0x00, 0x00, 0x00, 0x00, 0x00, 0x00, 0x00, 0x00, 0x00,
  0x00, 0x00, 0x00, 0x00, 0x00, 0x00, 0x00, 0x00, 0x00, 0x00, 0x00, 0x00,
  0x00, 0x00, 0x00, 0x00, 0x00, 0x00, 0x00, 0x00, 0x00, 0x00, 0x00, 0x00,
  0x00, 0x00, 0x00, 0x00, 0x00, 0x00, 0x00, 0x00, 0x00, 0x00, 0x00, 0x00,
  0x00, 0x00, 0x00, 0x00, 0x00, 0x00, 0x00, 0x00, 0x00, 0x00, 0x00, 0x00,
  0x00, 0x00, 0x00, 0x00, 0x00, 0x00, 0x00, 0x00, 0x00, 0x00, 0x00, 0x00,
  0x00, 0x00, 0x00, 0x00, 0x00, 0x00, 0x00, 0x00, 0x00, 0x00, 0x00, 0x00,
  0x00, 0x00, 0x00, 0x00, 0x00, 0x00, 0x00, 0x00, 0x00, 0x00, 0x00, 0x00,
  0x00, 0x00, 0x00, 0x00, 0x00, 0x00, 0x00, 0x00, 0x00, 0x00, 0x00, 0x00,
  0x00, 0x00, 0x00, 0x00, 0x00, 0x00, 0x00, 0x00, 0x00, 0x00, 0x00, 0x00,
  0x00, 0x00, 0x00, 0x00, 0x00, 0x00, 0x00, 0x00, 0x00, 0x00, 0x00, 0x00,
  0x00, 0x00, 0x00, 0x00, 0x00, 0x00, 0x00, 0x00, 0x00, 0x00, 0x00, 0x00,
  0x00, 0x00, 0x00, 0x00, 0x00, 0x00, 0x00, 0x00, 0x00, 0x00, 0x00, 0x00,
  0x00, 0x00, 0x00, 0x00, 0x00, 0x00, 0x00, 0x00, 0x00, 0x00, 0x00, 0x00,
  0x00, 0x00, 0x00, 0x00, 0x00, 0x00, 0x00, 0x00, 0x00, 0x00, 0x00, 0x00,
  0x00, 0x00, 0x00, 0x00, 0x00, 0x00, 0x00, 0x00, 0x00, 0x00, 0x00, 0x00,
  0x00, 0x00, 0x00, 0x00, 0x00, 0x00, 0x00, 0x00, 0x00, 0x00, 0x00, 0x00,
  0x00, 0x00, 0x00, 0x00, 0x00, 0x00, 0x00, 0x00, 0x00, 0x00, 0x00, 0x00,
  0x00, 0x00, 0x00, 0x00, 0x00, 0x00, 0x00, 0x00, 0x00, 0x00, 0x00, 0x00,
  0x00, 0x00, 0x00, 0x00, 0x00, 0x00, 0x00, 0x00, 0x00, 0x00, 0x00, 0x00,
  0x00, 0x00, 0x00, 0x00, 0x00, 0x00, 0x00, 0x00, 0x00, 0x00, 0x00, 0x00,
  0x00, 0x00, 0x00, 0x00, 0x00, 0x00, 0x00, 0x00, 0x00, 0x00, 0x00, 0x00,
  0x00, 0x00, 0x00, 0x00, 0x00, 0x00, 0x00, 0x00, 0x00, 0x00, 0x00, 0x00,
  0x00, 0x00, 0x00, 0x00, 0x00, 0x00, 0x00, 0x00, 0x00, 0x00, 0x00, 0x00,
  0x00, 0x00, 0x00, 0x00, 0x00, 0x00, 0x00, 0x00, 0x00, 0x00, 0x00, 0x00,
  0x00, 0x00, 0x00, 0x00, 0x00, 0x00, 0x00, 0x00, 0x00, 0x00, 0x00, 0x00,
  0x00, 0x00, 0x00, 0x00, 0x00, 0x00, 0x00, 0x00, 0x00, 0x00, 0x00, 0x00,
  0x00, 0x00, 0x00, 0x00, 0x00, 0x00, 0x00, 0x00, 0x00, 0x00, 0x00, 0x00,
  0x00, 0x00, 0x00, 0x00, 0x00, 0x00, 0x00, 0x00, 0x00, 0x00, 0x00, 0x00,
  0x00, 0x00, 0x00, 0x00, 0x00, 0x00, 0x00, 0x00, 0x00, 0x00, 0x00, 0x00,
  0x00, 0x00, 0x00, 0x00, 0x00, 0x00, 0x00, 0x00, 0x00, 0x00, 0x00, 0x00,
  0x00, 0x00, 0x00, 0x00, 0x00, 0x00, 0x00, 0x00, 0x00, 0x00, 0x00, 0x00,
  0x00, 0x00, 0x00, 0x00, 0x00, 0x00, 0x00, 0x00, 0x00, 0x00, 0x00, 0x00,
  0x00, 0x00, 0x00, 0x00, 0x00, 0x00, 0x00, 0x00, 0x00, 0x00, 0x00, 0x00,
  0x00, 0x00, 0x00, 0x00, 0x00, 0x00, 0x00, 0x00, 0x00, 0x00, 0x00, 0x00,
  0x00, 0x00, 0x00, 0x00, 0x00, 0x00, 0x00, 0x00, 0x00, 0x00, 0x00, 0x00,
  0x00, 0x00, 0x00, 0x00, 0x00, 0x00, 0x00, 0x00, 0x00, 0x00, 0x00, 0x00,
  0x00, 0x00, 0x00, 0x00, 0x00, 0x00, 0x00, 0x00, 0x00, 0x00, 0x00, 0x00,
  0x00, 0x00, 0x00, 0x00, 0x00, 0x00, 0x00, 0x00, 0x00, 0x00, 0x00, 0x00,
  0x00, 0x00, 0x00, 0x00, 0x00, 0x00, 0x00, 0x00, 0x00, 0x00, 0x00, 0x00,
  0x00, 0x00, 0x00, 0x00, 0x00, 0x00, 0x00, 0x00, 0x00, 0x00, 0x00, 0x00,
  0x00, 0x00, 0x00, 0x00, 0x00, 0x00, 0x00, 0x00, 0x00, 0x00, 0x00, 0x00,
  0x00, 0x00, 0x00, 0x00, 0x00, 0x00, 0x00, 0x00, 0x00, 0x00, 0x00, 0x00,
  0x00, 0x00, 0x00, 0x00, 0x00, 0x00, 0x00, 0x00, 0x00, 0x00, 0x00, 0x00,
  0x00, 0x00, 0x00, 0x00, 0x00, 0x00, 0x00, 0x00, 0x00, 0x00, 0x00, 0x00,
  0x00, 0x00, 0x00, 0x00, 0x00, 0x00, 0x00, 0x00, 0x00, 0x00, 0x00, 0x00,
  0x00, 0x00, 0x00, 0x00, 0x00, 0x00, 0x00, 0x00, 0x00, 0x00, 0x00, 0x00,
  0x00, 0x00, 0x00, 0x00, 0x00, 0x00, 0x00, 0x00, 0x00, 0x00, 0x00, 0x00,
  0x00, 0x00, 0x00, 0x00, 0x00, 0x00, 0x00, 0x00, 0x00, 0x00, 0x00, 0x00,
  0x00, 0x00, 0x00, 0x00, 0x00, 0x00, 0x00, 0x00, 0x00, 0x00, 0x00, 0x00,
  0x00, 0x00, 0x00, 0x00, 0x00, 0x00, 0x00, 0x00, 0x00, 0x00, 0x00, 0x00,
  0x00, 0x00, 0x00, 0x00, 0x00, 0x00, 0x00, 0x00, 0x00, 0x00, 0x00, 0x00,
  0x00, 0x00, 0x00, 0x00, 0x00, 0x00, 0x00, 0x00, 0x00, 0x00, 0x00, 0x00,
  0x00, 0x00, 0x00, 0x00, 0x00, 0x00, 0x00, 0x00, 0x00, 0x00, 0x00, 0x00,
  0x00, 0x00, 0x00, 0x00, 0x00, 0x00, 0x00, 0x00, 0x00, 0x00, 0x00, 0x00,
  0x00, 0x00, 0x00, 0x00, 0x00, 0x00, 0x00, 0x00, 0x00, 0x00, 0x00, 0x00,
  0x00, 0x00, 0x00, 0x00, 0x00, 0x00, 0x00, 0x00, 0x00, 0x00, 0x00, 0x00,
  0x00, 0x00, 0x00, 0x00, 0x00, 0x00, 0x00, 0x00, 0x00, 0x00, 0x00, 0x00,
  0x00, 0x00, 0x00, 0x00, 0x00, 0x00, 0x00, 0x00, 0x00, 0x00, 0x00, 0x00,
  0x00, 0x00, 0x00, 0x00, 0x00, 0x00, 0x00, 0x00, 0x00, 0x00, 0x00, 0x00,
  0x00, 0x00, 0x00, 0x00, 0x00, 0x00, 0x00, 0x00, 0x00, 0x00, 0x00, 0x00,
  0x00, 0x00, 0x00, 0x00, 0x00, 0x00, 0x00, 0x00, 0x00, 0x00, 0x00, 0x00,
  0x00, 0x00, 0x00, 0x00, 0x00, 0x00, 0x00, 0x00, 0x00, 0x00, 0x00, 0x00,
  0x00, 0x00, 0x00, 0x00, 0x00, 0x00, 0x00, 0x00, 0x00, 0x00, 0x00, 0x00,
  0x00, 0x00, 0x00, 0x00, 0x00, 0x00, 0x00, 0x00, 0x00, 0x00, 0x00, 0x00,
  0x00, 0x00, 0x00, 0x00, 0x00, 0x00, 0x00, 0x00, 0x00, 0x00, 0x00, 0x00,
  0x00, 0x00, 0x00, 0x00, 0x00, 0x00, 0x00, 0x00, 0x00, 0x00, 0x00, 0x00,
  0x00, 0x00, 0x00, 0x00, 0x00, 0x00, 0x00, 0x00, 0x00, 0x00, 0x00, 0x00,
  0x00, 0x00, 0x00, 0x00, 0x00, 0x00, 0x00, 0x00, 0x00, 0x00, 0x00, 0x00,
  0x00, 0x00, 0x00, 0x00, 0x00, 0x00, 0x00, 0x00, 0x00, 0x00, 0x00, 0x00,
  0x00, 0x00, 0x00, 0x00, 0x00, 0x00, 0x00, 0x00, 0x00, 0x00, 0x00, 0x00,
  0x00, 0x00, 0x00, 0x00, 0x00, 0x00, 0x00, 0x00, 0x00, 0x00, 0x00, 0x00,
  0x00, 0x00, 0x00, 0x00, 0x00, 0x00, 0x00, 0x00, 0x00, 0x00, 0x00, 0x00,
  0x00, 0x00, 0x00, 0x00, 0x00, 0x00, 0x00, 0x00, 0x00, 0x00, 0x00, 0x00,
  0x00, 0x00, 0x00, 0x00, 0x00, 0x00, 0x00, 0x00, 0x00, 0x00, 0x00, 0x00,
  0x00, 0x00, 0x00, 0x00, 0x00, 0x00, 0x00, 0x00, 0x00, 0x00, 0x00, 0x00,
  0x00, 0x00, 0x00, 0x00, 0x00, 0x00, 0x00, 0x00, 0x00, 0x00, 0x00, 0x00,
  0x00, 0x00, 0x00, 0x00, 0x00, 0x00, 0x00, 0x00, 0x00, 0x00, 0x00, 0x00,
  0x00, 0x00, 0x00, 0x00, 0x00, 0x00, 0x00, 0x00, 0x00, 0x00, 0x00, 0x00,
  0x00, 0x00, 0x00, 0x00, 0x00, 0x00, 0x00, 0x00, 0x00, 0x00, 0x00, 0x00,
  0x00, 0x00, 0x00, 0x00, 0x00, 0x00, 0x00, 0x00, 0x00, 0x00, 0x00, 0x00,
  0x00, 0x00, 0x00, 0x00, 0x00, 0x00, 0x00, 0x00, 0x00, 0x00, 0x00, 0x00,
  0x00, 0x00, 0x00, 0x00, 0x00, 0x00, 0x00, 0x00, 0x00, 0x00, 0x00, 0x00,
  0x00, 0x00, 0x00, 0x00, 0x00, 0x00, 0x00, 0x00, 0x00, 0x00, 0x00, 0x00,
  0x00, 0x00, 0x00, 0x00, 0x00, 0x00, 0x00, 0x00, 0x00, 0x00, 0x00, 0x00,
  0x00, 0x00, 0x00, 0x00, 0x00, 0x00, 0x00, 0x00, 0x00, 0x00, 0x00, 0x00,
  0x00, 0x00, 0x00, 0x00, 0x00, 0x00, 0x00, 0x00, 0x00, 0x00, 0x00, 0x00,
  0x00, 0x00, 0x00, 0x00, 0x00, 0x00, 0x00, 0x00, 0x00, 0x00, 0x00, 0x00,
  0x00, 0x00, 0x00, 0x00, 0x00, 0x00, 0x00, 0x00, 0x00, 0x00, 0x00, 0x00,
  0x00, 0x00, 0x00, 0x00, 0x00, 0x00, 0x00, 0x00, 0x00, 0x00, 0x00, 0x00,
  0x00, 0x00, 0x00, 0x00, 0x00, 0x00, 0x00, 0x00, 0x00, 0x00, 0x00, 0x00,
  0x00, 0x00, 0x00, 0x00, 0x00, 0x00, 0x00, 0x00, 0x00, 0x00, 0x00, 0x00,
  0x00, 0x00, 0x00, 0x00, 0x00, 0x00, 0x00, 0x00, 0x00, 0x00, 0x00, 0x00,
  0x00, 0x00, 0x00, 0x00, 0x00, 0x00, 0x00, 0x00, 0x00, 0x00, 0x00, 0x00,
  0x00, 0x00, 0x00, 0x00, 0x00, 0x00, 0x00, 0x00, 0x00, 0x00, 0x00, 0x00,
  0x00, 0x00, 0x00, 0x00, 0x00, 0x00, 0x00, 0x00, 0x00, 0x00, 0x00, 0x00,
  0x00, 0x00, 0x00, 0x00, 0x00, 0x00, 0x00, 0x00, 0x00, 0x00, 0x00, 0x00,
  0x00, 0x00, 0x00, 0x00, 0x00, 0x00, 0x00, 0x00, 0x00, 0x00, 0x00, 0x00,
  0x00, 0x00, 0x00, 0x00, 0x00, 0x00, 0x00, 0x00, 0x00, 0x00, 0x00, 0x00,
  0x00, 0x00, 0x00, 0x00, 0x00, 0x00, 0x00, 0x00, 0x00, 0x00, 0x00, 0x00,
  0x00, 0x00, 0x00, 0x00, 0x00, 0x00, 0x00, 0x00, 0x00, 0x00, 0x00, 0x00,
  0x00, 0x00, 0x00, 0x00, 0x00, 0x00, 0x00, 0x00, 0x00, 0x00, 0x00, 0x00,
  0x00, 0x00, 0x00, 0x00, 0x00, 0x00, 0x00, 0x00, 0x00, 0x00, 0x00, 0x00,
  0x00, 0x00, 0x00, 0x00, 0x00, 0x00, 0x00, 0x00, 0x00, 0x00, 0x00, 0x00,
  0x00, 0x00, 0x00, 0x00, 0x00, 0x00, 0x00, 0x00, 0x00, 0x00, 0x00, 0x00,
  0x00, 0x00, 0x00, 0x00, 0x00, 0x00, 0x00, 0x00, 0x00, 0x00, 0x00, 0x00,
  0x00, 0x00, 0x00, 0x00, 0x00, 0x00, 0x00, 0x00, 0x00, 0x00, 0x00, 0x00,
  0x00, 0x00, 0x00, 0x00, 0x00, 0x00, 0x00, 0x00, 0x00, 0x00, 0x00, 0x00,
  0x00, 0x00, 0x00, 0x00, 0x00, 0x00, 0x00, 0x00, 0x00, 0x00, 0x00, 0x00,
  0x00, 0x00, 0x00, 0x00, 0x00, 0x00, 0x00, 0x00, 0x00, 0x00, 0x00, 0x00,
  0x00, 0x00, 0x00, 0x00, 0x00, 0x00, 0x00, 0x00, 0x00, 0x00, 0x00, 0x00,
  0x00, 0x00, 0x00, 0x00, 0x00, 0x00, 0x00, 0x00, 0x00, 0x00, 0x00, 0x00,
  0x00, 0x00, 0x00, 0x00, 0x00, 0x00, 0x00, 0x00, 0x00, 0x00, 0x00, 0x00,
  0x00, 0x00, 0x00, 0x00, 0x00, 0x00, 0x00, 0x00, 0x00, 0x00, 0x00, 0x00,
  0x00, 0x00, 0x00, 0x00, 0x00, 0x00, 0x00, 0x00, 0x00, 0x00, 0x00, 0x00,
  0x00, 0x00, 0x00, 0x00, 0x00, 0x00, 0x00, 0x00, 0x00, 0x00, 0x00, 0x00,
  0x00, 0x00, 0x00, 0x00, 0x00, 0x00, 0x00, 0x00, 0x00, 0x00, 0x00, 0x00,
  0x00, 0x00, 0x00, 0x00, 0x00, 0x00, 0x00, 0x00, 0x00, 0x00, 0x00, 0x00,
  0x00, 0x00, 0x00, 0x00, 0x00, 0x00, 0x00, 0x00, 0x00, 0x00, 0x00, 0x00,
  0x00, 0x00, 0x00, 0x00, 0x00, 0x00, 0x00, 0x00, 0x00, 0x00, 0x00, 0x00,
  0x00, 0x00, 0x00, 0x00, 0x00, 0x00, 0x00, 0x00, 0x00, 0x00, 0x00, 0x00,
  0x00, 0x00, 0x00, 0x00, 0x00, 0x00, 0x00, 0x00, 0x00, 0x00, 0x00, 0x00,
  0x00, 0x00, 0x00, 0x00, 0x00, 0x00, 0x00, 0x00, 0x00, 0x00, 0x00, 0x00,
  0x00, 0x00, 0x00, 0x00, 0x00, 0x00, 0x00, 0x00, 0x00, 0x00, 0x00, 0x00,
  0x00, 0x00, 0x00, 0x00, 0x00, 0x00, 0x00, 0x00, 0x00, 0x00, 0x00, 0x00,
  0x00, 0x00, 0x00, 0x00, 0x00, 0x00, 0x00, 0x00, 0x00, 0x00, 0x00, 0x00,
  0x00, 0x00, 0x00, 0x00, 0x00, 0x00, 0x00, 0x00, 0x00, 0x00, 0x00, 0x00,
  0x00, 0x00, 0x00, 0x00, 0x00, 0x00, 0x00, 0x00, 0x00, 0x00, 0x00, 0x00,
  0x00, 0x00, 0x00, 0x00, 0x00, 0x00, 0x00, 0x00, 0x00, 0x00, 0x00, 0x00,
  0x00, 0x00, 0x00, 0x00, 0x00, 0x00, 0x00, 0x00, 0x00, 0x00, 0x00, 0x00,
  0x00, 0x00, 0x00, 0x00, 0x00, 0x00, 0x00, 0x00, 0x00, 0x00, 0x00, 0x00,
  0x00, 0x00, 0x00, 0x00, 0x00, 0x00, 0x00, 0x00, 0x00, 0x00, 0x00, 0x00,
  0x00, 0x00, 0x00, 0x00, 0x00, 0x00, 0x00, 0x00, 0x00, 0x00, 0x00, 0x00,
  0x00, 0x00, 0x00, 0x00, 0x00, 0x00, 0x00, 0x00, 0x00, 0x00, 0x00, 0x00,
  0x00, 0x00, 0x00, 0x00, 0x00, 0x00, 0x00, 0x00, 0x00, 0x00, 0x00, 0x00,
  0x00, 0x00, 0x00, 0x00, 0x00, 0x00, 0x00, 0x00, 0x00, 0x00, 0x00, 0x00,
  0x00, 0x00, 0x00, 0x00, 0x00, 0x00, 0x00, 0x00, 0x00, 0x00, 0x00, 0x00,
  0x00, 0x00, 0x00, 0x00, 0x00, 0x00, 0x00, 0x00, 0x00, 0x00, 0x00, 0x00,
  0x00, 0x00, 0x00, 0x00, 0x00, 0x00, 0x00, 0x00, 0x00, 0x00, 0x00, 0x00,
  0x00, 0x00, 0x00, 0x00, 0x00, 0x00, 0x00, 0x00, 0x00, 0x00, 0x00, 0x00,
  0x00, 0x00, 0x00, 0x00, 0x00, 0x00, 0x00, 0x00, 0x00, 0x00, 0x00, 0x00,
  0x00, 0x00, 0x00, 0x00, 0x00, 0x00, 0x00, 0x00, 0x00, 0x00, 0x00, 0x00,
  0x00, 0x00, 0x00, 0x00, 0x00, 0x00, 0x00, 0x00, 0x00, 0x00, 0x00, 0x00,
  0x00, 0x00, 0x00, 0x00, 0x00, 0x00, 0x00, 0x00, 0x00, 0x00, 0x00, 0x00,
  0x00, 0x00, 0x00, 0x00, 0x00, 0x00, 0x00, 0x00, 0x00, 0x00, 0x00, 0x00,
  0x00, 0x00, 0x00, 0x00, 0x00, 0x00, 0x00, 0x00, 0x00, 0x00, 0x00, 0x00,
  0x00, 0x00, 0x00, 0x00, 0x00, 0x00, 0x00, 0x00, 0x00, 0x00, 0x00, 0x00,
  0x00, 0x00, 0x00, 0x00, 0x00, 0x00, 0x00, 0x00, 0x00, 0x00, 0x00, 0x00,
  0x00, 0x00, 0x00, 0x00, 0x00, 0x00, 0x00, 0x00, 0x00, 0x00, 0x00, 0x00,
  0x00, 0x00, 0x00, 0x00, 0x00, 0x00, 0x00, 0x00, 0x00, 0x00, 0x00, 0x00,
  0x00, 0x00, 0x00, 0x00, 0x00, 0x00, 0x00, 0x00, 0x00, 0x00, 0x00, 0x00,
  0x00, 0x00, 0x00, 0x00, 0x00, 0x00, 0x00, 0x00, 0x00, 0x00, 0x00, 0x00,
  0x00, 0x00, 0x00, 0x00, 0x00, 0x00, 0x00, 0x00, 0x00, 0x00, 0x00, 0x00,
  0x00, 0x00, 0x00, 0x00, 0x00, 0x00, 0x00, 0x00, 0x00, 0x00, 0x00, 0x00,
  0x00, 0x00, 0x00, 0x00, 0x00, 0x00, 0x00, 0x00, 0x00, 0x00, 0x00, 0x00,
  0x00, 0x00, 0x00, 0x00, 0x00, 0x00, 0x00, 0x00, 0x00, 0x00, 0x00, 0x00,
  0x00, 0x00, 0x00, 0x00, 0x00, 0x00, 0x00, 0x00, 0x00, 0x00, 0x00, 0x00,
  0x00, 0x00, 0x00, 0x00, 0x00, 0x00, 0x00, 0x00, 0x00, 0x00, 0x00, 0x00,
  0x00, 0x00, 0x00, 0x00, 0x00, 0x00, 0x00, 0x00, 0x00, 0x00, 0x00, 0x00,
  0x00, 0x00, 0x00, 0x00, 0x00, 0x00, 0x00, 0x00, 0x00, 0x00, 0x00, 0x00,
  0x00, 0x00, 0x00, 0x00, 0x00, 0x00, 0x00, 0x00, 0x00, 0x00, 0x00, 0x00,
  0x00, 0x00, 0x00, 0x00, 0x00, 0x00, 0x00, 0x00, 0x00, 0x00, 0x00, 0x00,
  0x00, 0x00, 0x00, 0x00, 0x00, 0x00, 0x00, 0x00, 0x00, 0x00, 0x00, 0x00,
  0x00, 0x00, 0x00, 0x00, 0x00, 0x00, 0x00, 0x00, 0x00, 0x00, 0x00, 0x00,
  0x00, 0x00, 0x00, 0x00, 0x00, 0x00, 0x00, 0x00, 0x00, 0x00, 0x00, 0x00,
  0x00, 0x00, 0x00, 0x00, 0x00, 0x00, 0x00, 0x00, 0x00, 0x00, 0x00, 0x00,
  0x00, 0x00, 0x00, 0x00, 0x00, 0x00, 0x00, 0x00, 0x00, 0x00, 0x00, 0x00,
  0x00, 0x00, 0x00, 0x00, 0x00, 0x00, 0x00, 0x00, 0x00, 0x00, 0x00, 0x00,
  0x00, 0x00, 0x00, 0x00, 0x00, 0x00, 0x00, 0x00, 0x00, 0x00, 0x00, 0x00,
  0x00, 0x00, 0x00, 0x00, 0x00, 0x00, 0x00, 0x00, 0x00, 0x00, 0x00, 0x00,
  0x00, 0x00, 0x00, 0x00, 0x00, 0x00, 0x00, 0x00, 0x00, 0x00, 0x00, 0x00,
  0x00, 0x00, 0x00, 0x00, 0x00, 0x00, 0x00, 0x00, 0x00, 0x00, 0x00, 0x00,
  0x00, 0x00, 0x00, 0x00, 0x00, 0x00, 0x00, 0x00, 0x00, 0x00, 0x00, 0x00,
  0x00, 0x00, 0x00, 0x00, 0x00, 0x00, 0x00, 0x00, 0x00, 0x00, 0x00, 0x00,
  0x00, 0x00, 0x00, 0x00, 0x00, 0x00, 0x00, 0x00, 0x00, 0x00, 0x00, 0x00,
  0x00, 0x00, 0x00, 0x00, 0x00, 0x00, 0x00, 0x00, 0x00, 0x00, 0x00, 0x00,
  0x00, 0x00, 0x00, 0x00, 0x00, 0x00, 0x00, 0x00, 0x00, 0x00, 0x00, 0x00,
  0x00, 0x00, 0x00, 0x00, 0x00, 0x00, 0x00, 0x00, 0x00, 0x00, 0x00, 0x00,
  0x00, 0x00, 0x00, 0x00, 0x00, 0x00, 0x00, 0x00, 0x00, 0x00, 0x00, 0x00,
  0x00, 0x00, 0x00, 0x00, 0x00, 0x00, 0x00, 0x00, 0x00, 0x00, 0x00, 0x00,
  0x00, 0x00, 0x00, 0x00, 0x00, 0x00, 0x00, 0x00, 0x00, 0x00, 0x00, 0x00,
  0x00, 0x00, 0x00, 0x00, 0x00, 0x00, 0x00, 0x00, 0x00, 0x00, 0x00, 0x00,
  0x00, 0x00, 0x00, 0x00, 0x00, 0x00, 0x00, 0x00, 0x00, 0x00, 0x00, 0x00,
  0x00, 0x00, 0x00, 0x00, 0x00, 0x00, 0x00, 0x00, 0x00, 0x00, 0x00, 0x00,
  0x00, 0x00, 0x00, 0x00, 0x00, 0x00, 0x00, 0x00, 0x00, 0x00, 0x00, 0x00,
  0x00, 0x00, 0x00, 0x00, 0x00, 0x00, 0x00, 0x00, 0x00, 0x00, 0x00, 0x00,
  0x00, 0x00, 0x00, 0x00, 0x00, 0x00, 0x00, 0x00, 0x00, 0x00, 0x00, 0x00,
  0x00, 0x00, 0x00, 0x00, 0x00, 0x00, 0x00, 0x00, 0x00, 0x00, 0x00, 0x00,
  0x00, 0x00, 0x00, 0x00, 0x00, 0x00, 0x00, 0x00, 0x00, 0x00, 0x00, 0x00,
  0x00, 0x00, 0x00, 0x00, 0x00, 0x00, 0x00, 0x00, 0x00, 0x00, 0x00, 0x00,
  0x00, 0x00, 0x00, 0x00, 0x00, 0x00, 0x00, 0x00, 0x00, 0x00, 0x00, 0x00,
  0x00, 0x00, 0x00, 0x00, 0x00, 0x00, 0x00, 0x00, 0x00, 0x00, 0x00, 0x00,
  0x00, 0x00, 0x00, 0x00, 0x00, 0x00, 0x00, 0x00, 0x00, 0x00, 0x00, 0x00,
  0x00, 0x00, 0x00, 0x00, 0x00, 0x00, 0x00, 0x00, 0x00, 0x00, 0x00, 0x00,
  0x00, 0x00, 0x00, 0x00, 0x00, 0x00, 0x00, 0x00, 0x00, 0x00, 0x00, 0x00,
  0x9e, 0xfa, 0xff, 0xff, 0x04, 0x00, 0x00, 0x00, 0x80, 0x00, 0x00, 0x00,
  0xeb, 0x9e, 0xfe, 0xff, 0xfe, 0x38, 0xfe, 0xff, 0x41, 0x3a, 0xff, 0xff,
  0x09, 0xcd, 0xff, 0xff, 0x8e, 0xe3, 0x09, 0x00, 0xd8, 0x05, 0xff, 0xff,
  0xef, 0x41, 0xff, 0xff, 0xf8, 0x3a, 0xff, 0xff, 0xca, 0x72, 0xff, 0xff,
  0x8c, 0x8d, 0xff, 0xff, 0x4b, 0x5d, 0x0a, 0x00, 0x8f, 0x93, 0x0b, 0x00,
  0xa8, 0x19, 0xff, 0xff, 0x19, 0x3c, 0xfe, 0xff, 0x48, 0xf0, 0xfe, 0xff,
  0x37, 0x0e, 0xfe, 0xff, 0x5f, 0xe8, 0xff, 0xff, 0xc2, 0xc6, 0x09, 0x00,
  0xf7, 0x90, 0x0a, 0x00, 0xa4, 0x89, 0xfe, 0xff, 0x1c, 0x5b, 0xff, 0xff,
  0xfc, 0x8c, 0xfe, 0xff, 0xd2, 0x6e, 0xfe, 0xff, 0x15, 0xee, 0xfe, 0xff,
  0x62, 0xc1, 0xff, 0xff, 0x69, 0xcc, 0xfe, 0xff, 0xf0, 0x05, 0xfe, 0xff,
  0x2e, 0xff, 0xfd, 0xff, 0x55, 0x81, 0xff, 0xff, 0x71, 0x42, 0xfe, 0xff,
  0xa0, 0x86, 0xff, 0xff, 0xe3, 0xf7, 0xff, 0xff, 0x2a, 0xfb, 0xff, 0xff,
  0x04, 0x00, 0x00, 0x00, 0x00, 0x04, 0x00, 0x00, 0xee, 0x04, 0xf8, 0x00,
  0x3e, 0xf3, 0x07, 0x01, 0xef, 0x11, 0x53, 0x2f, 0x12, 0xed, 0x00, 0xf0,
  0xfc, 0x4a, 0x4f, 0x15, 0x06, 0xf2, 0x05, 0x07, 0xfa, 0x03, 0x0b, 0xfe,
  0xf5, 0x0d, 0x0b, 0x05, 0x09, 0x01, 0xf3, 0xed, 0x4a, 0x0a, 0x08, 0xf5,
  0x14, 0x0c, 0x38, 0x26, 0xf9, 0x12, 0xed, 0xf5, 0x00, 0x40, 0x3c, 0x13,
  0x0a, 0x08, 0xeb, 0xeb, 0xf5, 0x13, 0xf1, 0x0d, 0xf9, 0xef, 0xfa, 0x02,
  0x0f, 0x0b, 0xf3, 0x00, 0x4e, 0x15, 0xfa, 0xf0, 0xee, 0x0b, 0x3c, 0x23,
  0x04, 0x05, 0x05, 0xeb, 0x0d, 0x40, 0x41, 0x0c, 0x12, 0x14, 0xfb, 0xf9,
  0x13, 0xf3, 0xf7, 0x14, 0xf0, 0xf3, 0xeb, 0xee, 0x09, 0x08, 0x06, 0xfb,
  0x2d, 0xf2, 0x06, 0x02, 0x02, 0x03, 0x2b, 0x23, 0xf9, 0xef, 0x08, 0x00,
  0xff, 0x2e, 0x2b, 0xef, 0x0f, 0xf8, 0xfe, 0x02, 0xfa, 0x04, 0x08, 0x12,
  0xf1, 0xef, 0xfe, 0xfe, 0xf4, 0x06, 0xff, 0xed, 0x4e, 0x02, 0x0f, 0x06,
  0xf5, 0xed, 0x47, 0x21, 0x09, 0xf6, 0x15, 0xff, 0x02, 0x3c, 0x4a, 0xf0,
  0x0a, 0xf3, 0x03, 0x00, 0xfe, 0x06, 0xf6, 0xed, 0xf4, 0xf3, 0xf4, 0x03,
  0x05, 0xf4, 0x13, 0x11, 0x44, 0xfb, 0xf2, 0xff, 0xed, 0x01, 0x3c, 0x29,
  0xfb, 0x01, 0x15, 0xf8, 0x01, 0x46, 0x46, 0x02, 0x07, 0xfa, 0xf2, 0x03,
  0xfc, 0x06, 0x0e, 0x04, 0xf5, 0xfb, 0x0f, 0x0b, 0xf9, 0x0d, 0xeb, 0xf1,
  0xfb, 0x0d, 0x07, 0xf6, 0x13, 0x0a, 0xec, 0x00, 0xfc, 0xff, 0x14, 0xf8,
  0xfd, 0xf4, 0x0c, 0xfc, 0xf9, 0xf2, 0x10, 0x0d, 0xf2, 0xfe, 0xfa, 0xed,
  0x12, 0xf8, 0xf6, 0xf6, 0x0b, 0xf8, 0xf7, 0xf3, 0x5c, 0xfe, 0xf3, 0xf2,
  0x15, 0xf2, 0x51, 0x35, 0xf4, 0x04, 0x0e, 0xfb, 0x0d, 0x4c, 0x4b, 0xf5,
  0x0d, 0xfd, 0xf5, 0xfa, 0x16, 0xef, 0xef, 0x12, 0xf9, 0x0f, 0x03, 0xff,
  0xf1, 0xfb, 0xf6, 0x04, 0x0a, 0xfe, 0x06, 0xf0, 0x04, 0x15, 0xfd, 0xf5,
  0x11, 0x15, 0xf2, 0xf5, 0xff, 0x0a, 0x06, 0x03, 0x12, 0xf5, 0xf6, 0xeb,
  0xfd, 0x07, 0x11, 0x05, 0x00, 0x09, 0x0a, 0xf3, 0xfc, 0xfc, 0x03, 0x06,
  0x40, 0x01, 0xf9, 0x0f, 0x04, 0xf2, 0x3b, 0x21, 0xf8, 0x12, 0xf4, 0xfc,
  0xec, 0x39, 0x38, 0x06, 0xfd, 0x00, 0x05, 0x0d, 0xf9, 0xec, 0xf0, 0xf0,
  0xfc, 0x05, 0x13, 0xfb, 0x02, 0x0a, 0xec, 0xf8, 0xec, 0x07, 0x10, 0x10,
  0x12, 0x08, 0x06, 0x07, 0xef, 0x07, 0xef, 0xf7, 0x05, 0xf2, 0x0b, 0xf3,
  0x14, 0xf0, 0x08, 0x10, 0xf6, 0xf9, 0x03, 0xf3, 0x09, 0xf5, 0x15, 0xf3,
  0xf2, 0x09, 0xf1, 0x0e, 0x0b, 0x04, 0xfc, 0xea, 0x03, 0x01, 0xf7, 0x0f,
  0x13, 0xee, 0x0c, 0xeb, 0xfb, 0xfb, 0xfe, 0xef, 0x00, 0x04, 0x09, 0x0d,
  0xf9, 0x09, 0xef, 0x0f, 0x0a, 0xec, 0xff, 0x06, 0xed, 0xfb, 0xf2, 0x0f,
  0x57, 0x06, 0xf0, 0x14, 0xf1, 0x0d, 0x4e, 0x29, 0xf4, 0xf4, 0xfd, 0x12,
  0xf6, 0x57, 0x4b, 0xf1, 0xf9, 0x00, 0xee, 0xf5, 0x0e, 0xfb, 0xf4, 0x0e,
  0xfa, 0x0d, 0xfe, 0xff, 0x0b, 0xf6, 0x0e, 0x03, 0xfc, 0xf5, 0xf3, 0xfc,
  0x0d, 0x03, 0x01, 0x08, 0x03, 0x0d, 0xed, 0x14, 0xed, 0xfe, 0xed, 0xf6,
  0xfe, 0x10, 0x10, 0xee, 0x0e, 0x09, 0x01, 0xfd, 0x00, 0xf3, 0x01, 0x0a,
  0xfe, 0xeb, 0xf8, 0x0e, 0x45, 0x0b, 0x09, 0xfa, 0x06, 0x0f, 0x3b, 0x21,
  0x0f, 0xfb, 0x0e, 0xf8, 0xff, 0x40, 0x40, 0x0a, 0xfa, 0xf6, 0xfc, 0x11,
  0xf9, 0xf1, 0xf0, 0xf1, 0x07, 0x0c, 0xfc, 0xfb, 0xf6, 0x0b, 0xee, 0x00,
  0xc8, 0xed, 0x0f, 0xfc, 0x12, 0x00, 0xb8, 0x52, 0x0e, 0x04, 0x00, 0xfa,
  0x0c, 0x6b, 0xcc, 0xf7, 0xfa, 0xf3, 0x05, 0x09, 0xf8, 0x0c, 0xfc, 0x02,
  0xff, 0xfe, 0xf0, 0x12, 0x13, 0x11, 0xed, 0x04, 0x0e, 0x10, 0x12, 0x07,
  0x13, 0x0a, 0x04, 0xf4, 0x06, 0x07, 0xff, 0x0a, 0x0b, 0x09, 0xfd, 0x0c,
  0xfe, 0xeb, 0x14, 0x11, 0x07, 0xfd, 0x0a, 0xff, 0x15, 0xff, 0xf8, 0xfc,
  0xf9, 0x13, 0x0a, 0xf7, 0x08, 0x0a, 0xf1, 0x03, 0x0e, 0x0a, 0xf0, 0xf3,
  0x11, 0x12, 0x05, 0xf1, 0xf4, 0xf6, 0xf4, 0x01, 0xed, 0xfd, 0xfa, 0x00,
  0x0d, 0xf0, 0xf1, 0xf6, 0xf6, 0x0a, 0xf1, 0xed, 0x03, 0xef, 0x05, 0x08,
  0x4d, 0xf5, 0xfc, 0xfb, 0xff, 0xfa, 0x43, 0x1d, 0x0c, 0x0f, 0xed, 0x0f,
  0x0a, 0x51, 0xc7, 0x01, 0x01, 0xfc, 0xfe, 0x14, 0x03, 0xf0, 0xee, 0x12,
  0x15, 0xff, 0x04, 0x0b, 0x05, 0x04, 0x06, 0xee, 0x5a, 0x00, 0x0d, 0x0e,
  0xf0, 0xf6, 0x4b, 0x1d, 0x05, 0xf9, 0x0f, 0x03, 0x0d, 0x42, 0x4e, 0xfe,
  0xf6, 0x12, 0x05, 0xfc, 0x05, 0x10, 0x12, 0xf5, 0x12, 0x03, 0x00, 0x13,
  0x0b, 0x04, 0x10, 0x09, 0x44, 0x0f, 0x04, 0x12, 0xfd, 0xff, 0x45, 0x24,
  0x10, 0x10, 0xef, 0xf5, 0x0a, 0x37, 0x39, 0xfe, 0xf4, 0xf6, 0xf5, 0xf4,
  0x0d, 0xf8, 0xf6, 0xfa, 0x0d, 0xf1, 0x07, 0xf3, 0xfa, 0x0f, 0x12, 0xeb,
  0x47, 0x11, 0xf8, 0x13, 0xfc, 0xfa, 0x41, 0x20, 0xf0, 0x11, 0x12, 0x0a,
  0xec, 0x3f, 0x3d, 0xee, 0xf5, 0x11, 0x15, 0xeb, 0x12, 0x14, 0x04, 0xfa,
  0xef, 0x00, 0x07, 0xfa, 0xfd, 0x0d, 0xf6, 0x04, 0x49, 0x08, 0x02, 0x09,
  0xf8, 0x11, 0x37, 0x18, 0xed, 0x02, 0xf0, 0xf0, 0xfb, 0x42, 0x3c, 0x0e,
  0x14, 0x14, 0xee, 0xed, 0x02, 0xfe, 0x0d, 0x07, 0xf3, 0x13, 0x05, 0x09,
  0x02, 0x04, 0x09, 0xf1, 0x02, 0xf9, 0xfb, 0x07, 0x06, 0x05, 0xef, 0xf5,
  0x0d, 0x0c, 0x05, 0x08, 0xfd, 0xf3, 0xfd, 0x13, 0xec, 0x04, 0xec, 0x0b,
  0x04, 0x11, 0x13, 0x0a, 0x06, 0x11, 0x00, 0xf5, 0x02, 0x03, 0x05, 0x03,
  0xfd, 0xf8, 0xfc, 0x0e, 0x02, 0xfb, 0xf5, 0xf5, 0x01, 0xf7, 0x05, 0x10,
  0x01, 0xf1, 0x06, 0x0f, 0xf2, 0xfb, 0x0a, 0x06, 0xf1, 0x03, 0xea, 0x12,
  0xf9, 0x09, 0xff, 0xec, 0x0e, 0xf4, 0xf9, 0x14, 0xd5, 0xf4, 0x0c, 0xf8,
  0xfa, 0x07, 0xd7, 0x7f, 0x0f, 0x01, 0xf9, 0x12, 0xf0, 0xbe, 0xce, 0xf2,
  0x16, 0x13, 0xf3, 0x0b, 0x03, 0x03, 0xf5, 0xf3, 0x07, 0xf2, 0xeb, 0xfd,
  0x02, 0x10, 0x11, 0x0e, 0xfa, 0x08, 0xec, 0x12, 0x13, 0xec, 0xf9, 0x0b,
  0x06, 0x10, 0xf2, 0x11, 0xf9, 0x02, 0xfb, 0x0f, 0xf9, 0x03, 0x02, 0xf1,
  0x07, 0x03, 0xed, 0x0a, 0x15, 0xfc, 0xf3, 0x13, 0x13, 0xee, 0xec, 0x08,
  0x04, 0xf8, 0xf1, 0xfd, 0xec, 0xf9, 0xeb, 0xff, 0x12, 0x09, 0x0b, 0x13,
  0x02, 0x01, 0x08, 0xf9, 0x07, 0xec, 0x0b, 0xf4, 0x08, 0xf2, 0xf6, 0x10,
  0xf3, 0xf6, 0xf4, 0x0d, 0x06, 0xf1, 0xf6, 0x15, 0x5a, 0x10, 0xff, 0x0a,
  0x04, 0x04, 0x3b, 0x2c, 0xf8, 0xf6, 0xfd, 0x11, 0xf6, 0x41, 0x48, 0xf8,
  0x12, 0xf9, 0xed, 0xf3, 0x13, 0xec, 0xf2, 0xef, 0x0e, 0x00, 0x03, 0xf8,
  0x14, 0xfc, 0x0f, 0x0a, 0x38, 0xf7, 0xf1, 0x0e, 0x0f, 0x06, 0x40, 0x25,
  0xeb, 0xee, 0x00, 0x0d, 0xfe, 0x3a, 0x3f, 0x08, 0x04, 0x06, 0xff, 0x13,
  0xf4, 0x14, 0xf2, 0xee, 0x0d, 0x02, 0xf5, 0x05, 0x03, 0xf3, 0xfd, 0x13,
  0x4a, 0x0c, 0xfc, 0x12, 0xfe, 0x13, 0x34, 0x20, 0xeb, 0xf1, 0xf6, 0x0e,
  0x06, 0x36, 0x3d, 0x00, 0x12, 0xf3, 0xf1, 0xf4, 0xfb, 0x06, 0x0f, 0x07,
  0xef, 0xfe, 0xf8, 0xf1, 0xec, 0x11, 0x04, 0xeb, 0x4e, 0xf5, 0x0c, 0x0f,
  0x0f, 0xfa, 0x43, 0x1e, 0x0b, 0xf3, 0x06, 0x02, 0x01, 0x3f, 0x45, 0xf2,
  0xf4, 0x03, 0x02, 0xeb, 0x00, 0xec, 0xfb, 0x0e, 0xf1, 0x0c, 0xf5, 0xf4,
  0x36, 0xff, 0xff, 0xff, 0x04, 0x00, 0x00, 0x00, 0x80, 0x00, 0x00, 0x00,
  0x2f, 0x00, 0x00, 0x00, 0x46, 0x00, 0x00, 0x00, 0xfe, 0xff, 0xff, 0xff,
  0x9c, 0xb4, 0xff, 0xff, 0xf1, 0xff, 0xff, 0xff, 0x00, 0x00, 0x00, 0x00,
  0x2d, 0xc4, 0xff, 0xff, 0x08, 0x00, 0x00, 0x00, 0x58, 0x8b, 0xff, 0xff,
  0xf3, 0xff, 0xff, 0xff, 0xc9, 0x9c, 0xff, 0xff, 0x8d, 0x8d, 0xff, 0xff,
  0x01, 0x00, 0x00, 0x00, 0xd0, 0xcc, 0xff, 0xff, 0xfc, 0xff, 0xff, 0xff,
  0xdb, 0xff, 0xff, 0xff, 0xc7, 0x94, 0xff, 0xff, 0xe4, 0xd7, 0xff, 0xff,
  0xe1, 0xff, 0xff, 0xff, 0xfa, 0xff, 0xff, 0xff, 0xf3, 0xff, 0xff, 0xff,
  0x17, 0x00, 0x00, 0x00, 0xfd, 0xff, 0xff, 0xff, 0xe8, 0xeb, 0xff, 0xff,
  0x0f, 0xdf, 0xff, 0xff, 0xe0, 0xff, 0xff, 0xff, 0xb4, 0xbf, 0xff, 0xff,
  0x17, 0xc4, 0xff, 0xff, 0x03, 0x00, 0x00, 0x00, 0x02, 0x00, 0x00, 0x00,
  0x8f, 0x00, 0x00, 0x00, 0x02, 0x00, 0x00, 0x00, 0xc2, 0xff, 0xff, 0xff,
  0x04, 0x00, 0x00, 0x00, 0x20, 0x00, 0x00, 0x00, 0xdf, 0xd7, 0xdb, 0x31,
  0xdc, 0xdb, 0x0c, 0xdf, 0x0c, 0xd6, 0x05, 0x07, 0xde, 0x02, 0xd6, 0x93,
  0x03, 0x0f, 0xcf, 0xde, 0xd9, 0xd8, 0xd6, 0x0c, 0x0f, 0x81, 0x06, 0x09,
  0xdc, 0xd7, 0xd4, 0xdb, 0xee, 0xff, 0xff, 0xff, 0x04, 0x00, 0x00, 0x00,
  0x04, 0x00, 0x00, 0x00, 0x98, 0x12, 0x00, 0x00, 0x00, 0x00, 0x06, 0x00,
  0x08, 0x00, 0x04, 0x00, 0x06, 0x00, 0x00, 0x00, 0x04, 0x00, 0x00, 0x00,
  0x08, 0x00, 0x00, 0x00, 0xff, 0xff, 0xff, 0xff, 0xe0, 0x00, 0x00, 0x00,
  0x90, 0xea, 0xff, 0xff, 0x94, 0xea, 0xff, 0xff, 0x0f, 0x00, 0x00, 0x00,
  0x4d, 0x4c, 0x49, 0x52, 0x20, 0x43, 0x6f, 0x6e, 0x76, 0x65, 0x72, 0x74,
  0x65, 0x64, 0x2e, 0x00, 0x01, 0x00, 0x00, 0x00, 0x14, 0x00, 0x00, 0x00,
  0x00, 0x00, 0x0e, 0x00, 0x18, 0x00, 0x14, 0x00, 0x10, 0x00, 0x0c, 0x00,
  0x08, 0x00, 0x04, 0x00, 0x0e, 0x00, 0x00, 0x00, 0x14, 0x00, 0x00, 0x00,
  0x1c, 0x00, 0x00, 0x00, 0xb0, 0x02, 0x00, 0x00, 0xb4, 0x02, 0x00, 0x00,
  0xb8, 0x02, 0x00, 0x00, 0x04, 0x00, 0x00, 0x00, 0x6d, 0x61, 0x69, 0x6e,
  0x00, 0x00, 0x00, 0x00, 0x0a, 0x00, 0x00, 0x00, 0x4c, 0x02, 0x00, 0x00,
  0xe8, 0x01, 0x00, 0x00, 0x98, 0x01, 0x00, 0x00, 0x58, 0x01, 0x00, 0x00,
  0x14, 0x01, 0x00, 0x00, 0xec, 0x00, 0x00, 0x00, 0x9c, 0x00, 0x00, 0x00,
  0x60, 0x00, 0x00, 0x00, 0x28, 0x00, 0x00, 0x00, 0x04, 0x00, 0x00, 0x00,
  0x32, 0xff, 0xff, 0xff, 0x0c, 0x00, 0x00, 0x00, 0x10, 0x00, 0x00, 0x00,
  0x04, 0x00, 0x00, 0x00, 0x01, 0x00, 0x00, 0x00, 0x17, 0x00, 0x00, 0x00,
  0x01, 0x00, 0x00, 0x00, 0x16, 0x00, 0x00, 0x00, 0x6a, 0xfe, 0xff, 0xff,
  0x14, 0x00, 0x00, 0x00, 0x00, 0x00, 0x00, 0x08, 0x10, 0x00, 0x00, 0x00,
  0x14, 0x00, 0x00, 0x00, 0x03, 0x00, 0x00, 0x00, 0x4c, 0xeb, 0xff, 0xff,
  0x01, 0x00, 0x00, 0x00, 0x16, 0x00, 0x00, 0x00, 0x03, 0x00, 0x00, 0x00,
  0x15, 0x00, 0x00, 0x00, 0x03, 0x00, 0x00, 0x00, 0x02, 0x00, 0x00, 0x00,
  0x9e, 0xfe, 0xff, 0xff, 0x14, 0x00, 0x00, 0x00, 0x00, 0x00, 0x00, 0x08,
  0x14, 0x00, 0x00, 0x00, 0x18, 0x00, 0x00, 0x00, 0x03, 0x00, 0x00, 0x00,
  0xc6, 0xff, 0xff, 0xff, 0x00, 0x00, 0x00, 0x01, 0x01, 0x00, 0x00, 0x00,
  0x15, 0x00, 0x00, 0x00, 0x03, 0x00, 0x00, 0x00, 0x14, 0x00, 0x00, 0x00,
  0x05, 0x00, 0x00, 0x00, 0x04, 0x00, 0x00, 0x00, 0xd6, 0xfe, 0xff, 0xff,
  0x1c, 0x00, 0x00, 0x00, 0x00, 0x00, 0x00, 0x08, 0x1c, 0x00, 0x00, 0x00,
  0x20, 0x00, 0x00, 0x00, 0x03, 0x00, 0x00, 0x00, 0x00, 0x00, 0x06, 0x00,
  0x08, 0x00, 0x07, 0x00, 0x06, 0x00, 0x00, 0x00, 0x00, 0x00, 0x00, 0x01,
  0x01, 0x00, 0x00, 0x00, 0x14, 0x00, 0x00, 0x00, 0x03, 0x00, 0x00, 0x00,
  0x13, 0x00, 0x00, 0x00, 0x07, 0x00, 0x00, 0x00, 0x06, 0x00, 0x00, 0x00,
  0x00, 0x00, 0x0a, 0x00, 0x10, 0x00, 0x0c, 0x00, 0x08, 0x00, 0x04, 0x00,
  0x0a, 0x00, 0x00, 0x00, 0x0c, 0x00, 0x00, 0x00, 0x10, 0x00, 0x00, 0x00,
  0x02, 0x00, 0x00, 0x00, 0x01, 0x00, 0x00, 0x00, 0x13, 0x00, 0x00, 0x00,
  0x02, 0x00, 0x00, 0x00, 0x12, 0x00, 0x00, 0x00, 0x01, 0x00, 0x00, 0x00,
  0x46, 0xff, 0xff, 0xff, 0x14, 0x00, 0x00, 0x00, 0x00, 0x00, 0x00, 0x05,
  0x24, 0x00, 0x00, 0x00, 0x28, 0x00, 0x00, 0x00, 0x01, 0x00, 0x00, 0x00,
  0x36, 0xff, 0xff, 0xff, 0x03, 0x00, 0x00, 0x00, 0x03, 0x00, 0x00, 0x00,
  0x03, 0x00, 0x00, 0x00, 0x03, 0x00, 0x00, 0x00, 0x00, 0x00, 0x00, 0x01,
  0x01, 0x00, 0x00, 0x00, 0x12, 0x00, 0x00, 0x00, 0x01, 0x00, 0x00, 0x00,
  0x11, 0x00, 0x00, 0x00, 0x26, 0xff, 0xff, 0xff, 0x10, 0x00, 0x00, 0x00,
  0x00, 0x00, 0x00, 0x01, 0x18, 0x00, 0x00, 0x00, 0x1c, 0x00, 0x00, 0x00,
  0x18, 0xff, 0xff, 0xff, 0x00, 0x00, 0x00, 0x01, 0x01, 0x00, 0x00, 0x00,
  0x01, 0x00, 0x00, 0x00, 0x01, 0x00, 0x00, 0x00, 0x11, 0x00, 0x00, 0x00,
  0x03, 0x00, 0x00, 0x00, 0x10, 0x00, 0x00, 0x00, 0x09, 0x00, 0x00, 0x00,
  0x08, 0x00, 0x00, 0x00, 0x62, 0xff, 0xff, 0xff, 0x10, 0x00, 0x00, 0x00,
  0x00, 0x00, 0x00, 0x01, 0x18, 0x00, 0x00, 0x00, 0x1c, 0x00, 0x00, 0x00,
  0x54, 0xff, 0xff, 0xff, 0x00, 0x00, 0x00, 0x01, 0x01, 0x00, 0x00, 0x00,
  0x01, 0x00, 0x00, 0x00, 0x01, 0x00, 0x00, 0x00, 0x10, 0x00, 0x00, 0x00,
  0x03, 0x00, 0x00, 0x00, 0x0f, 0x00, 0x00, 0x00, 0x0b, 0x00, 0x00, 0x00,
  0x0a, 0x00, 0x00, 0x00, 0x00, 0x00, 0x0e, 0x00, 0x1a, 0x00, 0x14, 0x00,
  0x10, 0x00, 0x0c, 0x00, 0x0b, 0x00, 0x04, 0x00, 0x0e, 0x00, 0x00, 0x00,
  0x24, 0x00, 0x00, 0x00, 0x00, 0x00, 0x00, 0x05, 0x34, 0x00, 0x00, 0x00,
  0x38, 0x00, 0x00, 0x00, 0x01, 0x00, 0x00, 0x00, 0x00, 0x00, 0x0e, 0x00,
  0x18, 0x00, 0x17, 0x00, 0x10, 0x00, 0x0c, 0x00, 0x08, 0x00, 0x04, 0x00,
  0x0e, 0x00, 0x00, 0x00, 0x03, 0x00, 0x00, 0x00, 0x03, 0x00, 0x00, 0x00,
  0x03, 0x00, 0x00, 0x00, 0x03, 0x00, 0x00, 0x00, 0x00, 0x00, 0x00, 0x01,
  0x01, 0x00, 0x00, 0x00, 0x0f, 0x00, 0x00, 0x00, 0x01, 0x00, 0x00, 0x00,
  0x0e, 0x00, 0x00, 0x00, 0x00, 0x00, 0x0e, 0x00, 0x14, 0x00, 0x00, 0x00,
  0x10, 0x00, 0x0c, 0x00, 0x0b, 0x00, 0x04, 0x00, 0x0e, 0x00, 0x00, 0x00,
  0x1c, 0x00, 0x00, 0x00, 0x00, 0x00, 0x00, 0x01, 0x24, 0x00, 0x00, 0x00,
  0x28, 0x00, 0x00, 0x00, 0x0c, 0x00, 0x10, 0x00, 0x00, 0x00, 0x0c, 0x00,
  0x08, 0x00, 0x07, 0x00, 0x0c, 0x00, 0x00, 0x00, 0x00, 0x00, 0x00, 0x01,
  0x01, 0x00, 0x00, 0x00, 0x01, 0x00, 0x00, 0x00, 0x01, 0x00, 0x00, 0x00,
  0x0e, 0x00, 0x00, 0x00, 0x03, 0x00, 0x00, 0x00, 0x00, 0x00, 0x00, 0x00,
  0x0d, 0x00, 0x00, 0x00, 0x0c, 0x00, 0x00, 0x00, 0x01, 0x00, 0x00, 0x00,
  0x17, 0x00, 0x00, 0x00, 0x01, 0x00, 0x00, 0x00, 0x00, 0x00, 0x00, 0x00,
  0x18, 0x00, 0x00, 0x00, 0xb4, 0x12, 0x00, 0x00, 0x4c, 0x12, 0x00, 0x00,
  0xb8, 0x11, 0x00, 0x00, 0x4c, 0x11, 0x00, 0x00, 0xd0, 0x10, 0x00, 0x00,
  0x64, 0x10, 0x00, 0x00, 0xf0, 0x0f, 0x00, 0x00, 0x84, 0x0f, 0x00, 0x00,
  0x58, 0x0e, 0x00, 0x00, 0x2c, 0x0d, 0x00, 0x00, 0x00, 0x0c, 0x00, 0x00,
  0xd4, 0x0a, 0x00, 0x00, 0xe8, 0x08, 0x00, 0x00, 0xfc, 0x06, 0x00, 0x00,
  0x18, 0x06, 0x00, 0x00, 0x84, 0x05, 0x00, 0x00, 0x78, 0x04, 0x00, 0x00,
  0x8c, 0x03, 0x00, 0x00, 0xf8, 0x02, 0x00, 0x00, 0x7c, 0x02, 0x00, 0x00,
  0xd0, 0x01, 0x00, 0x00, 0x1c, 0x01, 0x00, 0x00, 0x80, 0x00, 0x00, 0x00,
  0x04, 0x00, 0x00, 0x00, 0xc2, 0xed, 0xff, 0xff, 0x00, 0x00, 0x00, 0x01,
  0x18, 0x00, 0x00, 0x00, 0x20, 0x00, 0x00, 0x00, 0x3c, 0x00, 0x00, 0x00,
  0x18, 0x00, 0x00, 0x00, 0x00, 0x00, 0x00, 0x09, 0x50, 0x00, 0x00, 0x00,
  0x02, 0x00, 0x00, 0x00, 0xff, 0xff, 0xff, 0xff, 0x01, 0x00, 0x00, 0x00,
  0xa4, 0xed, 0xff, 0xff, 0x08, 0x00, 0x00, 0x00, 0x10, 0x00, 0x00, 0x00,
  0x01, 0x00, 0x00, 0x00, 0x80, 0xff, 0xff, 0xff, 0xff, 0xff, 0xff, 0xff,
  0x01, 0x00, 0x00, 0x00, 0x00, 0x00, 0x80, 0x3b, 0x19, 0x00, 0x00, 0x00,
  0x53, 0x74, 0x61, 0x74, 0x65, 0x66, 0x75, 0x6c, 0x50, 0x61, 0x72, 0x74,
  0x69, 0x74, 0x69, 0x6f, 0x6e, 0x65, 0x64, 0x43, 0x61, 0x6c, 0x6c, 0x3a,
  0x30, 0x00, 0x00, 0x00, 0x02, 0x00, 0x00, 0x00, 0x01, 0x00, 0x00, 0x00,
  0x01, 0x00, 0x00, 0x00, 0x3a, 0xee, 0xff, 0xff, 0x00, 0x00, 0x00, 0x01,
  0x18, 0x00, 0x00, 0x00, 0x20, 0x00, 0x00, 0x00, 0x40, 0x00, 0x00, 0x00,
  0x17, 0x00, 0x00, 0x00, 0x00, 0x00, 0x00, 0x09, 0x70, 0x00, 0x00, 0x00,
  0x02, 0x00, 0x00, 0x00, 0xff, 0xff, 0xff, 0xff, 0x01, 0x00, 0x00, 0x00,
  0x1c, 0xee, 0xff, 0xff, 0x08, 0x00, 0x00, 0x00, 0x14, 0x00, 0x00, 0x00,
  0x01, 0x00, 0x00, 0x00, 0x7f, 0x00, 0x00, 0x00, 0x00, 0x00, 0x00, 0x00,
  0x00, 0x00, 0x00, 0x00, 0x01, 0x00, 0x00, 0x00, 0x9c, 0xb0, 0x22, 0x3d,
  0x34, 0x00, 0x00, 0x00, 0x73, 0x65, 0x71, 0x75, 0x65, 0x6e, 0x74, 0x69,
  0x61, 0x6c, 0x2f, 0x64, 0x65, 0x6e, 0x73, 0x65, 0x5f, 0x32, 0x2f, 0x4d,
  0x61, 0x74, 0x4d, 0x75, 0x6c, 0x3b, 0x73, 0x65, 0x71, 0x75, 0x65, 0x6e,
  0x74, 0x69, 0x61, 0x6c, 0x2f, 0x64, 0x65, 0x6e, 0x73, 0x65, 0x5f, 0x32,
  0x2f, 0x42, 0x69, 0x61, 0x73, 0x41, 0x64, 0x64, 0x00, 0x00, 0x00, 0x00,
  0x02, 0x00, 0x00, 0x00, 0x01, 0x00, 0x00, 0x00, 0x01, 0x00, 0x00, 0x00,
  0xd2, 0xee, 0xff, 0xff, 0x00, 0x00, 0x00, 0x01, 0x18, 0x00, 0x00, 0x00,
  0x20, 0x00, 0x00, 0x00, 0x40, 0x00, 0x00, 0x00, 0x16, 0x00, 0x00, 0x00,
  0x00, 0x00, 0x00, 0x09, 0x88, 0x00, 0x00, 0x00, 0x02, 0x00, 0x00, 0x00,
  0xff, 0xff, 0xff, 0xff, 0x20, 0x00, 0x00, 0x00, 0xb4, 0xee, 0xff, 0xff,
  0x08, 0x00, 0x00, 0x00, 0x14, 0x00, 0x00, 0x00, 0x01, 0x00, 0x00, 0x00,
  0x80, 0xff, 0xff, 0xff, 0xff, 0xff, 0xff, 0xff, 0x00, 0x00, 0x00, 0x00,
  0x01, 0x00, 0x00, 0x00, 0x20, 0xcc, 0x3e, 0x3b, 0x4c, 0x00, 0x00, 0x00,
  0x73, 0x65, 0x71, 0x75, 0x65, 0x6e, 0x74, 0x69, 0x61, 0x6c, 0x2f, 0x64,
  0x65, 0x6e, 0x73, 0x65, 0x5f, 0x31, 0x2f, 0x4d, 0x61, 0x74, 0x4d, 0x75,
  0x6c, 0x3b, 0x73, 0x65, 0x71, 0x75, 0x65, 0x6e, 0x74, 0x69, 0x61, 0x6c,
  0x2f, 0x64, 0x65, 0x6e, 0x73, 0x65, 0x5f, 0x31, 0x2f, 0x52, 0x65, 0x6c,
  0x75, 0x3b, 0x73, 0x65, 0x71, 0x75, 0x65, 0x6e, 0x74, 0x69, 0x61, 0x6c,
  0x2f, 0x64, 0x65, 0x6e, 0x73, 0x65, 0x5f, 0x31, 0x2f, 0x42, 0x69, 0x61,
  0x73, 0x41, 0x64, 0x64, 0x00, 0x00, 0x00, 0x00, 0x02, 0x00, 0x00, 0x00,
  0x01, 0x00, 0x00, 0x00, 0x20, 0x00, 0x00, 0x00, 0x82, 0xef, 0xff, 0xff,
  0x00, 0x00, 0x00, 0x01, 0x18, 0x00, 0x00, 0x00, 0x20, 0x00, 0x00, 0x00,
  0x40, 0x00, 0x00, 0x00, 0x15, 0x00, 0x00, 0x00, 0x00, 0x00, 0x00, 0x09,
  0x80, 0x00, 0x00, 0x00, 0x02, 0x00, 0x00, 0x00, 0xff, 0xff, 0xff, 0xff,
  0x20, 0x00, 0x00, 0x00, 0x64, 0xef, 0xff, 0xff, 0x08, 0x00, 0x00, 0x00,
  0x14, 0x00, 0x00, 0x00, 0x01, 0x00, 0x00, 0x00, 0x80, 0xff, 0xff, 0xff,
  0xff, 0xff, 0xff, 0xff, 0x00, 0x00, 0x00, 0x00, 0x01, 0x00, 0x00, 0x00,
  0x28, 0x96, 0x1e, 0x3a, 0x46, 0x00, 0x00, 0x00, 0x73, 0x65, 0x71, 0x75,
  0x65, 0x6e, 0x74, 0x69, 0x61, 0x6c, 0x2f, 0x64, 0x65, 0x6e, 0x73, 0x65,
  0x2f, 0x4d, 0x61, 0x74, 0x4d, 0x75, 0x6c, 0x3b, 0x73, 0x65, 0x71, 0x75,
  0x65, 0x6e, 0x74, 0x69, 0x61, 0x6c, 0x2f, 0x64, 0x65, 0x6e, 0x73, 0x65,
  0x2f, 0x52, 0x65, 0x6c, 0x75, 0x3b, 0x73, 0x65, 0x71, 0x75, 0x65, 0x6e,
  0x74, 0x69, 0x61, 0x6c, 0x2f, 0x64, 0x65, 0x6e, 0x73, 0x65, 0x2f, 0x42,
  0x69, 0x61, 0x73, 0x41, 0x64, 0x64, 0x00, 0x00, 0x02, 0x00, 0x00, 0x00,
  0x01, 0x00, 0x00, 0x00, 0x20, 0x00, 0x00, 0x00, 0x2a, 0xf0, 0xff, 0xff,
  0x00, 0x00, 0x00, 0x01, 0x18, 0x00, 0x00, 0x00, 0x20, 0x00, 0x00, 0x00,
  0x3c, 0x00, 0x00, 0x00, 0x14, 0x00, 0x00, 0x00, 0x00, 0x00, 0x00, 0x09,
  0x50, 0x00, 0x00, 0x00, 0x02, 0x00, 0x00, 0x00, 0xff, 0xff, 0xff, 0xff,
  0xe0, 0x00, 0x00, 0x00, 0x0c, 0xf0, 0xff, 0xff, 0x08, 0x00, 0x00, 0x00,
  0x10, 0x00, 0x00, 0x00, 0x01, 0x00, 0x00, 0x00, 0x80, 0xff, 0xff, 0xff,
  0xff, 0xff, 0xff, 0xff, 0x01, 0x00, 0x00, 0x00, 0xde, 0x5e, 0x00, 0x3b,
  0x1a, 0x00, 0x00, 0x00, 0x73, 0x65, 0x71, 0x75, 0x65, 0x6e, 0x74, 0x69,
  0x61, 0x6c, 0x2f, 0x66, 0x6c, 0x61, 0x74, 0x74, 0x65, 0x6e, 0x2f, 0x52,
  0x65, 0x73, 0x68, 0x61, 0x70, 0x65, 0x00, 0x00, 0x02, 0x00, 0x00, 0x00,
  0x01, 0x00, 0x00, 0x00, 0xe0, 0x00, 0x00, 0x00, 0xa2, 0xf0, 0xff, 0xff,
  0x00, 0x00, 0x00, 0x01, 0x18, 0x00, 0x00, 0x00, 0x28, 0x00, 0x00, 0x00,
  0x44, 0x00, 0x00, 0x00, 0x13, 0x00, 0x00, 0x00, 0x00, 0x00, 0x00, 0x09,
  0x60, 0x00, 0x00, 0x00, 0x04, 0x00, 0x00, 0x00, 0xff, 0xff, 0xff, 0xff,
  0x02, 0x00, 0x00, 0x00, 0x07, 0x00, 0x00, 0x00, 0x10, 0x00, 0x00, 0x00,
  0x8c, 0xf0, 0xff, 0xff, 0x08, 0x00, 0x00, 0x00, 0x10, 0x00, 0x00, 0x00,
  0x01, 0x00, 0x00, 0x00, 0x80, 0xff, 0xff, 0xff, 0xff, 0xff, 0xff, 0xff,
  0x01, 0x00, 0x00, 0x00, 0xde, 0x5e, 0x00, 0x3b, 0x22, 0x00, 0x00, 0x00,
  0x73, 0x65, 0x71, 0x75, 0x65, 0x6e, 0x74, 0x69, 0x61, 0x6c, 0x2f, 0x6d,
  0x61, 0x78, 0x5f, 0x70, 0x6f, 0x6f, 0x6c, 0x69, 0x6e, 0x67, 0x32, 0x64,
  0x5f, 0x31, 0x2f, 0x4d, 0x61, 0x78, 0x50, 0x6f, 0x6f, 0x6c, 0x00, 0x00,
  0x04, 0x00, 0x00, 0x00, 0x01, 0x00, 0x00, 0x00, 0x02, 0x00, 0x00, 0x00,
  0x07, 0x00, 0x00, 0x00, 0x10, 0x00, 0x00, 0x00, 0x32, 0xf1, 0xff, 0xff,
  0x00, 0x00, 0x00, 0x01, 0x18, 0x00, 0x00, 0x00, 0x28, 0x00, 0x00, 0x00,
  0x44, 0x00, 0x00, 0x00, 0x12, 0x00, 0x00, 0x00, 0x00, 0x00, 0x00, 0x09,
  0xb8, 0x00, 0x00, 0x00, 0x04, 0x00, 0x00, 0x00, 0xff, 0xff, 0xff, 0xff,
  0x06, 0x00, 0x00, 0x00, 0x15, 0x00, 0x00, 0x00, 0x10, 0x00, 0x00, 0x00,
  0x1c, 0xf1, 0xff, 0xff, 0x08, 0x00, 0x00, 0x00, 0x10, 0x00, 0x00, 0x00,
  0x01, 0x00, 0x00, 0x00, 0x80, 0xff, 0xff, 0xff, 0xff, 0xff, 0xff, 0xff,
  0x01, 0x00, 0x00, 0x00, 0xde, 0x5e, 0x00, 0x3b, 0x7a, 0x00, 0x00, 0x00,
  0x73, 0x65, 0x71, 0x75, 0x65, 0x6e, 0x74, 0x69, 0x61, 0x6c, 0x2f, 0x63,
  0x6f, 0x6e, 0x76, 0x32, 0x64, 0x5f, 0x32, 0x2f, 0x52, 0x65, 0x6c, 0x75,
  0x3b, 0x73, 0x65, 0x71, 0x75, 0x65, 0x6e, 0x74, 0x69, 0x61, 0x6c, 0x2f,
  0x63, 0x6f, 0x6e, 0x76, 0x32, 0x64, 0x5f, 0x32, 0x2f, 0x42, 0x69, 0x61,
  0x73, 0x41, 0x64, 0x64, 0x3b, 0x73, 0x65, 0x71, 0x75, 0x65, 0x6e, 0x74,
  0x69, 0x61, 0x6c, 0x2f, 0x63, 0x6f, 0x6e, 0x76, 0x32, 0x64, 0x5f, 0x32,
  0x2f, 0x43, 0x6f, 0x6e, 0x76, 0x32, 0x44, 0x3b, 0x73, 0x65, 0x71, 0x75,
  0x65, 0x6e, 0x74, 0x69, 0x61, 0x6c, 0x2f, 0x63, 0x6f, 0x6e, 0x76, 0x32,
  0x64, 0x5f, 0x32, 0x2f, 0x42, 0x69, 0x61, 0x73, 0x41, 0x64, 0x64, 0x2f,
  0x52, 0x65, 0x61, 0x64, 0x56, 0x61, 0x72, 0x69, 0x61, 0x62, 0x6c, 0x65,
  0x4f, 0x70, 0x00, 0x00, 0x04, 0x00, 0x00, 0x00, 0x01, 0x00, 0x00, 0x00,
  0x06, 0x00, 0x00, 0x00, 0x15, 0x00, 0x00, 0x00, 0x10, 0x00, 0x00, 0x00,
  0x1a, 0xf2, 0xff, 0xff, 0x00, 0x00, 0x00, 0x01, 0x18, 0x00, 0x00, 0x00,
  0x28, 0x00, 0x00, 0x00, 0x48, 0x00, 0x00, 0x00, 0x11, 0x00, 0x00, 0x00,
  0x00, 0x00, 0x00, 0x09, 0xd8, 0x00, 0x00, 0x00, 0x04, 0x00, 0x00, 0x00,
  0xff, 0xff, 0xff, 0xff, 0x06, 0x00, 0x00, 0x00, 0x15, 0x00, 0x00, 0x00,
  0x10, 0x00, 0x00, 0x00, 0x04, 0xf2, 0xff, 0xff, 0x08, 0x00, 0x00, 0x00,
  0x14, 0x00, 0x00, 0x00, 0x01, 0x00, 0x00, 0x00, 0x80, 0xff, 0xff, 0xff,
  0xff, 0xff, 0xff, 0xff, 0x00, 0x00, 0x00, 0x00, 0x01, 0x00, 0x00, 0x00,
  0x40, 0x16, 0x3b, 0x3c, 0x95, 0x00, 0x00, 0x00, 0x73, 0x65, 0x71, 0x75,
  0x65, 0x6e, 0x74, 0x69, 0x61, 0x6c, 0x2f, 0x63, 0x6f, 0x6e, 0x76, 0x32,
  0x64, 0x5f, 0x31, 0x2f, 0x52, 0x65, 0x6c, 0x75, 0x3b, 0x73, 0x65, 0x71,
  0x75, 0x65, 0x6e, 0x74, 0x69, 0x61, 0x6c, 0x2f, 0x63, 0x6f, 0x6e, 0x76,
  0x32, 0x64, 0x5f, 0x31, 0x2f, 0x42, 0x69, 0x61, 0x73, 0x41, 0x64, 0x64,
  0x3b, 0x73, 0x65, 0x71, 0x75, 0x65, 0x6e, 0x74, 0x69, 0x61, 0x6c, 0x2f,
  0x63, 0x6f, 0x6e, 0x76, 0x32, 0x64, 0x5f, 0x32, 0x2f, 0x43, 0x6f, 0x6e,
  0x76, 0x32, 0x44, 0x3b, 0x73, 0x65, 0x71, 0x75, 0x65, 0x6e, 0x74, 0x69,
  0x61, 0x6c, 0x2f, 0x63, 0x6f, 0x6e, 0x76, 0x32, 0x64, 0x5f, 0x31, 0x2f,
  0x43, 0x6f, 0x6e, 0x76, 0x32, 0x44, 0x3b, 0x73, 0x65, 0x71, 0x75, 0x65,
  0x6e, 0x74, 0x69, 0x61, 0x6c, 0x2f, 0x63, 0x6f, 0x6e, 0x76, 0x32, 0x64,
  0x5f, 0x31, 0x2f, 0x42, 0x69, 0x61, 0x73, 0x41, 0x64, 0x64, 0x2f, 0x52,
  0x65, 0x61, 0x64, 0x56, 0x61, 0x72, 0x69, 0x61, 0x62, 0x6c, 0x65, 0x4f,
  0x70, 0x00, 0x00, 0x00, 0x04, 0x00, 0x00, 0x00, 0x01, 0x00, 0x00, 0x00,
  0x06, 0x00, 0x00, 0x00, 0x15, 0x00, 0x00, 0x00, 0x10, 0x00, 0x00, 0x00,
  0x22, 0xf3, 0xff, 0xff, 0x00, 0x00, 0x00, 0x01, 0x18, 0x00, 0x00, 0x00,
  0x28, 0x00, 0x00, 0x00, 0x44, 0x00, 0x00, 0x00, 0x10, 0x00, 0x00, 0x00,
  0x00, 0x00, 0x00, 0x09, 0x60, 0x00, 0x00, 0x00, 0x04, 0x00, 0x00, 0x00,
  0xff, 0xff, 0xff, 0xff, 0x06, 0x00, 0x00, 0x00, 0x15, 0x00, 0x00, 0x00,
  0x20, 0x00, 0x00, 0x00, 0x0c, 0xf3, 0xff, 0xff, 0x08, 0x00, 0x00, 0x00,
  0x10, 0x00, 0x00, 0x00, 0x01, 0x00, 0x00, 0x00, 0x80, 0xff, 0xff, 0xff,
  0xff, 0xff, 0xff, 0xff, 0x01, 0x00, 0x00, 0x00, 0x8f, 0x9f, 0x7d, 0x3b,
  0x20, 0x00, 0x00, 0x00, 0x73, 0x65, 0x71, 0x75, 0x65, 0x6e, 0x74, 0x69,
  0x61, 0x6c, 0x2f, 0x6d, 0x61, 0x78, 0x5f, 0x70, 0x6f, 0x6f, 0x6c, 0x69,
  0x6e, 0x67, 0x32, 0x64, 0x2f, 0x4d, 0x61, 0x78, 0x50, 0x6f, 0x6f, 0x6c,
  0x00, 0x00, 0x00, 0x00, 0x04, 0x00, 0x00, 0x00, 0x01, 0x00, 0x00, 0x00,
  0x06, 0x00, 0x00, 0x00, 0x15, 0x00, 0x00, 0x00, 0x20, 0x00, 0x00, 0x00,
  0xb2, 0xf3, 0xff, 0xff, 0x00, 0x00, 0x00, 0x01, 0x18, 0x00, 0x00, 0x00,
  0x28, 0x00, 0x00, 0x00, 0x44, 0x00, 0x00, 0x00, 0x0f, 0x00, 0x00, 0x00,
  0x00, 0x00, 0x00, 0x09, 0xb0, 0x00, 0x00, 0x00, 0x04, 0x00, 0x00, 0x00,
  0xff, 0xff, 0xff, 0xff, 0x14, 0x00, 0x00, 0x00, 0x3f, 0x00, 0x00, 0x00,
  0x20, 0x00, 0x00, 0x00, 0x9c, 0xf3, 0xff, 0xff, 0x08, 0x00, 0x00, 0x00,
  0x10, 0x00, 0x00, 0x00, 0x01, 0x00, 0x00, 0x00, 0x80, 0xff, 0xff, 0xff,
  0xff, 0xff, 0xff, 0xff, 0x01, 0x00, 0x00, 0x00, 0x8f, 0x9f, 0x7d, 0x3b,
  0x72, 0x00, 0x00, 0x00, 0x73, 0x65, 0x71, 0x75, 0x65, 0x6e, 0x74, 0x69,
  0x61, 0x6c, 0x2f, 0x63, 0x6f, 0x6e, 0x76, 0x32, 0x64, 0x2f, 0x52, 0x65,
  0x6c, 0x75, 0x3b, 0x73, 0x65, 0x71, 0x75, 0x65, 0x6e, 0x74, 0x69, 0x61,
  0x6c, 0x2f, 0x63, 0x6f, 0x6e, 0x76, 0x32, 0x64, 0x2f, 0x42, 0x69, 0x61,
  0x73, 0x41, 0x64, 0x64, 0x3b, 0x73, 0x65, 0x71, 0x75, 0x65, 0x6e, 0x74,
  0x69, 0x61, 0x6c, 0x2f, 0x63, 0x6f, 0x6e, 0x76, 0x32, 0x64, 0x2f, 0x43,
  0x6f, 0x6e, 0x76, 0x32, 0x44, 0x3b, 0x73, 0x65, 0x71, 0x75, 0x65, 0x6e,
  0x74, 0x69, 0x61, 0x6c, 0x2f, 0x63, 0x6f, 0x6e, 0x76, 0x32, 0x64, 0x2f,
  0x42, 0x69, 0x61, 0x73, 0x41, 0x64, 0x64, 0x2f, 0x52, 0x65, 0x61, 0x64,
  0x56, 0x61, 0x72, 0x69, 0x61, 0x62, 0x6c, 0x65, 0x4f, 0x70, 0x00, 0x00,
  0x04, 0x00, 0x00, 0x00, 0x01, 0x00, 0x00, 0x00, 0x14, 0x00, 0x00, 0x00,
  0x3f, 0x00, 0x00, 0x00, 0x20, 0x00, 0x00, 0x00, 0xf6, 0xf4, 0xff, 0xff,
  0x00, 0x00, 0x00, 0x01, 0x14, 0x00, 0x00, 0x00, 0xa8, 0x01, 0x00, 0x00,
  0x0e, 0x00, 0x00, 0x00, 0x00, 0x00, 0x00, 0x09, 0xbc, 0x01, 0x00, 0x00,
  0x64, 0xf4, 0xff, 0xff, 0x08, 0x00, 0x00, 0x00, 0x0c, 0x01, 0x00, 0x00,
  0x20, 0x00, 0x00, 0x00, 0x00, 0x00, 0x00, 0x00, 0x00, 0x00, 0x00, 0x00,
  0x00, 0x00, 0x00, 0x00, 0x00, 0x00, 0x00, 0x00, 0x00, 0x00, 0x00, 0x00,
  0x00, 0x00, 0x00, 0x00, 0x00, 0x00, 0x00, 0x00, 0x00, 0x00, 0x00, 0x00,
  0x00, 0x00, 0x00, 0x00, 0x00, 0x00, 0x00, 0x00, 0x00, 0x00, 0x00, 0x00,
  0x00, 0x00, 0x00, 0x00, 0x00, 0x00, 0x00, 0x00, 0x00, 0x00, 0x00, 0x00,
  0x00, 0x00, 0x00, 0x00, 0x00, 0x00, 0x00, 0x00, 0x00, 0x00, 0x00, 0x00,
  0x00, 0x00, 0x00, 0x00, 0x00, 0x00, 0x00, 0x00, 0x00, 0x00, 0x00, 0x00,
  0x00, 0x00, 0x00, 0x00, 0x00, 0x00, 0x00, 0x00, 0x00, 0x00, 0x00, 0x00,
  0x00, 0x00, 0x00, 0x00, 0x00, 0x00, 0x00, 0x00, 0x00, 0x00, 0x00, 0x00,
  0x00, 0x00, 0x00, 0x00, 0x00, 0x00, 0x00, 0x00, 0x00, 0x00, 0x00, 0x00,
  0x00, 0x00, 0x00, 0x00, 0x00, 0x00, 0x00, 0x00, 0x00, 0x00, 0x00, 0x00,
  0x00, 0x00, 0x00, 0x00, 0x00, 0x00, 0x00, 0x00, 0x00, 0x00, 0x00, 0x00,
  0x00, 0x00, 0x00, 0x00, 0x00, 0x00, 0x00, 0x00, 0x00, 0x00, 0x00, 0x00,
  0x00, 0x00, 0x00, 0x00, 0x00, 0x00, 0x00, 0x00, 0x00, 0x00, 0x00, 0x00,
  0x00, 0x00, 0x00, 0x00, 0x00, 0x00, 0x00, 0x00, 0x00, 0x00, 0x00, 0x00,
  0x00, 0x00, 0x00, 0x00, 0x00, 0x00, 0x00, 0x00, 0x00, 0x00, 0x00, 0x00,
  0x00, 0x00, 0x00, 0x00, 0x00, 0x00, 0x00, 0x00, 0x00, 0x00, 0x00, 0x00,
  0x00, 0x00, 0x00, 0x00, 0x00, 0x00, 0x00, 0x00, 0x00, 0x00, 0x00, 0x00,
  0x00, 0x00, 0x00, 0x00, 0x00, 0x00, 0x00, 0x00, 0x00, 0x00, 0x00, 0x00,
  0x00, 0x00, 0x00, 0x00, 0x00, 0x00, 0x00, 0x00, 0x00, 0x00, 0x00, 0x00,
  0x00, 0x00, 0x00, 0x00, 0x00, 0x00, 0x00, 0x00, 0x00, 0x00, 0x00, 0x00,
  0x00, 0x00, 0x00, 0x00, 0x00, 0x00, 0x00, 0x00, 0x00, 0x00, 0x00, 0x00,
  0x20, 0x00, 0x00, 0x00, 0x71, 0x84, 0xd8, 0x32, 0xa7, 0x69, 0xac, 0x38,
  0x9e, 0x18, 0xa6, 0x38, 0xd8, 0x50, 0xbb, 0x38, 0xee, 0x43, 0xdc, 0x38,
  0x0f, 0xf3, 0x02, 0x39, 0x50, 0x26, 0x9a, 0x38, 0x8b, 0x1d, 0xb8, 0x38,
  0x2d, 0xd5, 0xfc, 0x38, 0x15, 0xa3, 0x03, 0x39, 0x11, 0x4e, 0x71, 0x39,
  0x22, 0x34, 0x28, 0x39, 0x2e, 0xe7, 0x61, 0x32, 0x5c, 0xd0, 0x80, 0x38,
  0x85, 0x75, 0x3b, 0x39, 0xac, 0xfd, 0x00, 0x38, 0x59, 0x31, 0x03, 0x39,
  0xa6, 0xcf, 0x8e, 0x38, 0x7f, 0xaf, 0x38, 0x32, 0x49, 0x3f, 0x3d, 0x38,
  0xee, 0x22, 0x8a, 0x38, 0xdb, 0xfb, 0xac, 0x38, 0xb0, 0x14, 0xbf, 0x38,
  0x3b, 0xee, 0x8a, 0x38, 0x4c, 0x3b, 0x1b, 0x39, 0xca, 0x30, 0xa1, 0x38,
  0x9c, 0xbb, 0x14, 0x33, 0x09, 0x79, 0xb4, 0x32, 0xf9, 0xb8, 0x1b, 0x33,
  0x3c, 0x57, 0x26, 0x39, 0x44, 0x5f, 0x85, 0x38, 0x5d, 0x38, 0xbf, 0x38,
  0x18, 0x00, 0x00, 0x00, 0x73, 0x65, 0x71, 0x75, 0x65, 0x6e, 0x74, 0x69,
  0x61, 0x6c, 0x2f, 0x63, 0x6f, 0x6e, 0x76, 0x32, 0x64, 0x2f, 0x43, 0x6f,
  0x6e, 0x76, 0x32, 0x44, 0x00, 0x00, 0x00, 0x00, 0x04, 0x00, 0x00, 0x00,
  0x20, 0x00, 0x00, 0x00, 0x03, 0x00, 0x00, 0x00, 0x03, 0x00, 0x00, 0x00,
  0x01, 0x00, 0x00, 0x00, 0xde, 0xf6, 0xff, 0xff, 0x00, 0x00, 0x00, 0x01,
  0x14, 0x00, 0x00, 0x00, 0xa4, 0x01, 0x00, 0x00, 0x0d, 0x00, 0x00, 0x00,
  0x00, 0x00, 0x00, 0x02, 0xc8, 0x01, 0x00, 0x00, 0x4c, 0xf6, 0xff, 0xff,
  0x08, 0x00, 0x00, 0x00, 0x08, 0x01, 0x00, 0x00, 0x20, 0x00, 0x00, 0x00,
  0x00, 0x00, 0x00, 0x00, 0x00, 0x00, 0x00, 0x00, 0x00, 0x00, 0x00, 0x00,
  0x00, 0x00, 0x00, 0x00, 0x00, 0x00, 0x00, 0x00, 0x00, 0x00, 0x00, 0x00,
  0x00, 0x00, 0x00, 0x00, 0x00, 0x00, 0x00, 0x00, 0x00, 0x00, 0x00, 0x00,
  0x00, 0x00, 0x00, 0x00, 0x00, 0x00, 0x00, 0x00, 0x00, 0x00, 0x00, 0x00,
  0x00, 0x00, 0x00, 0x00, 0x00, 0x00, 0x00, 0x00, 0x00, 0x00, 0x00, 0x00,
  0x00, 0x00, 0x00, 0x00, 0x00, 0x00, 0x00, 0x00, 0x00, 0x00, 0x00, 0x00,
  0x00, 0x00, 0x00, 0x00, 0x00, 0x00, 0x00, 0x00, 0x00, 0x00, 0x00, 0x00,
  0x00, 0x00, 0x00, 0x00, 0x00, 0x00, 0x00, 0x00, 0x00, 0x00, 0x00, 0x00,
  0x00, 0x00, 0x00, 0x00, 0x00, 0x00, 0x00, 0x00, 0x00, 0x00, 0x00, 0x00,
  0x00, 0x00, 0x00, 0x00, 0x00, 0x00, 0x00, 0x00, 0x00, 0x00, 0x00, 0x00,
  0x00, 0x00, 0x00, 0x00, 0x00, 0x00, 0x00, 0x00, 0x00, 0x00, 0x00, 0x00,
  0x00, 0x00, 0x00, 0x00, 0x00, 0x00, 0x00, 0x00, 0x00, 0x00, 0x00, 0x00,
  0x00, 0x00, 0x00, 0x00, 0x00, 0x00, 0x00, 0x00, 0x00, 0x00, 0x00, 0x00,
  0x00, 0x00, 0x00, 0x00, 0x00, 0x00, 0x00, 0x00, 0x00, 0x00, 0x00, 0x00,
  0x00, 0x00, 0x00, 0x00, 0x00, 0x00, 0x00, 0x00, 0x00, 0x00, 0x00, 0x00,
  0x00, 0x00, 0x00, 0x00, 0x00, 0x00, 0x00, 0x00, 0x00, 0x00, 0x00, 0x00,
  0x00, 0x00, 0x00, 0x00, 0x00, 0x00, 0x00, 0x00, 0x00, 0x00, 0x00, 0x00,
  0x00, 0x00, 0x00, 0x00, 0x00, 0x00, 0x00, 0x00, 0x00, 0x00, 0x00, 0x00,
  0x00, 0x00, 0x00, 0x00, 0x00, 0x00, 0x00, 0x00, 0x00, 0x00, 0x00, 0x00,
  0x00, 0x00, 0x00, 0x00, 0x00, 0x00, 0x00, 0x00, 0x00, 0x00, 0x00, 0x00,
  0x00, 0x00, 0x00, 0x00, 0x00, 0x00, 0x00, 0x00, 0x00, 0x00, 0x00, 0x00,
  0x00, 0x00, 0x00, 0x00, 0x20, 0x00, 0x00, 0x00, 0xa9, 0x5d, 0xd9, 0x2e,
  0x9f, 0x16, 0xad, 0x34, 0x40, 0xbf, 0xa6, 0x34, 0xc4, 0x0c, 0xbc, 0x34,
  0xe8, 0x20, 0xdd, 0x34, 0x6f, 0x76, 0x03, 0x35, 0xf6, 0xc0, 0x9a, 0x34,
  0x41, 0xd6, 0xb8, 0x34, 0xd4, 0xd2, 0xfd, 0x34, 0x25, 0x27, 0x04, 0x35,
  0x27, 0x40, 0x72, 0x35, 0xe1, 0xdc, 0x28, 0x35, 0xd0, 0xc9, 0x62, 0x2e,
  0x97, 0x51, 0x81, 0x34, 0x96, 0x31, 0x3c, 0x35, 0x14, 0x7f, 0x01, 0x34,
  0xf7, 0xb4, 0x03, 0x35, 0xec, 0x5e, 0x8f, 0x34, 0xc7, 0x68, 0x39, 0x2e,
  0x25, 0xfd, 0x3d, 0x34, 0x83, 0xad, 0x8a, 0x34, 0x66, 0xa9, 0xad, 0x34,
  0x63, 0xd4, 0xbf, 0x34, 0x9c, 0x79, 0x8b, 0x34, 0x08, 0xd7, 0x1b, 0x35,
  0x80, 0xd2, 0xa1, 0x34, 0xd3, 0x50, 0x15, 0x2f, 0x17, 0x2e, 0xb5, 0x2e,
  0x33, 0x55, 0x1c, 0x2f, 0x1d, 0xfe, 0x26, 0x35, 0x12, 0xe5, 0x85, 0x34,
  0x34, 0xf8, 0xbf, 0x34, 0x28, 0x00, 0x00, 0x00, 0x73, 0x65, 0x71, 0x75,
  0x65, 0x6e, 0x74, 0x69, 0x61, 0x6c, 0x2f, 0x63, 0x6f, 0x6e, 0x76, 0x32,
  0x64, 0x2f, 0x42, 0x69, 0x61, 0x73, 0x41, 0x64, 0x64, 0x2f, 0x52, 0x65,
  0x61, 0x64, 0x56, 0x61, 0x72, 0x69, 0x61, 0x62, 0x6c, 0x65, 0x4f, 0x70,
  0x00, 0x00, 0x00, 0x00, 0x01, 0x00, 0x00, 0x00, 0x20, 0x00, 0x00, 0x00,
  0xc6, 0xf8, 0xff, 0xff, 0x00, 0x00, 0x00, 0x01, 0x14, 0x00, 0x00, 0x00,
  0xe8, 0x00, 0x00, 0x00, 0x0c, 0x00, 0x00, 0x00, 0x00, 0x00, 0x00, 0x09,
  0xfc, 0x00, 0x00, 0x00, 0x34, 0xf8, 0xff, 0xff, 0x08, 0x00, 0x00, 0x00,
  0x8c, 0x00, 0x00, 0x00, 0x10, 0x00, 0x00, 0x00, 0x00, 0x00, 0x00, 0x00,
  0x00, 0x00, 0x00, 0x00, 0x00, 0x00, 0x00, 0x00, 0x00, 0x00, 0x00, 0x00,
  0x00, 0x00, 0x00, 0x00, 0x00, 0x00, 0x00, 0x00, 0x00, 0x00, 0x00, 0x00,
  0x00, 0x00, 0x00, 0x00, 0x00, 0x00, 0x00, 0x00, 0x00, 0x00, 0x00, 0x00,
  0x00, 0x00, 0x00, 0x00, 0x00, 0x00, 0x00, 0x00, 0x00, 0x00, 0x00, 0x00,
  0x00, 0x00, 0x00, 0x00, 0x00, 0x00, 0x00, 0x00, 0x00, 0x00, 0x00, 0x00,
  0x00, 0x00, 0x00, 0x00, 0x00, 0x00, 0x00, 0x00, 0x00, 0x00, 0x00, 0x00,
  0x00, 0x00, 0x00, 0x00, 0x00, 0x00, 0x00, 0x00, 0x00, 0x00, 0x00, 0x00,
  0x00, 0x00, 0x00, 0x00, 0x00, 0x00, 0x00, 0x00, 0x00, 0x00, 0x00, 0x00,
  0x00, 0x00, 0x00, 0x00, 0x00, 0x00, 0x00, 0x00, 0x00, 0x00, 0x00, 0x00,
  0x00, 0x00, 0x00, 0x00, 0x00, 0x00, 0x00, 0x00, 0x00, 0x00, 0x00, 0x00,
  0x00, 0x00, 0x00, 0x00, 0x00, 0x00, 0x00, 0x00, 0x10, 0x00, 0x00, 0x00,
  0xd1, 0xec, 0xb3, 0x3b, 0x0f, 0x02, 0x8a, 0x3b, 0xa1, 0x85, 0x9c, 0x3b,
  0xaf, 0xf2, 0x83, 0x3b, 0x3c, 0xe6, 0x8c, 0x3a, 0xfb, 0x2e, 0xa2, 0x3b,
  0xe6, 0x47, 0xa5, 0x3b, 0x13, 0x14, 0xec, 0x3b, 0x32, 0x15, 0x80, 0x3b,
  0x6a, 0x04, 0xfb, 0x3b, 0xd4, 0x15, 0xf9, 0x3b, 0xa3, 0xd8, 0x91, 0x3a,
  0xd1, 0x4c, 0x85, 0x3b, 0x22, 0xa1, 0xb5, 0x3b, 0xca, 0xf0, 0xa8, 0x3b,
  0x34, 0x34, 0xd3, 0x3b, 0x1a, 0x00, 0x00, 0x00, 0x73, 0x65, 0x71, 0x75,
  0x65, 0x6e, 0x74, 0x69, 0x61, 0x6c, 0x2f, 0x63, 0x6f, 0x6e, 0x76, 0x32,
  0x64, 0x5f, 0x31, 0x2f, 0x43, 0x6f, 0x6e, 0x76, 0x32, 0x44, 0x00, 0x00,
  0x04, 0x00, 0x00, 0x00, 0x10, 0x00, 0x00, 0x00, 0x03, 0x00, 0x00, 0x00,
  0x03, 0x00, 0x00, 0x00, 0x20, 0x00, 0x00, 0x00, 0xee, 0xf9, 0xff, 0xff,
  0x00, 0x00, 0x00, 0x01, 0x14, 0x00, 0x00, 0x00, 0xe4, 0x00, 0x00, 0x00,
  0x0b, 0x00, 0x00, 0x00, 0x00, 0x00, 0x00, 0x02, 0x08, 0x01, 0x00, 0x00,
  0x5c, 0xf9, 0xff, 0xff, 0x08, 0x00, 0x00, 0x00, 0x88, 0x00, 0x00, 0x00,
  0x10, 0x00, 0x00, 0x00, 0x00, 0x00, 0x00, 0x00, 0x00, 0x00, 0x00, 0x00,
  0x00, 0x00, 0x00, 0x00, 0x00, 0x00, 0x00, 0x00, 0x00, 0x00, 0x00, 0x00,
  0x00, 0x00, 0x00, 0x00, 0x00, 0x00, 0x00, 0x00, 0x00, 0x00, 0x00, 0x00,
  0x00, 0x00, 0x00, 0x00, 0x00, 0x00, 0x00, 0x00, 0x00, 0x00, 0x00, 0x00,
  0x00, 0x00, 0x00, 0x00, 0x00, 0x00, 0x00, 0x00, 0x00, 0x00, 0x00, 0x00,
  0x00, 0x00, 0x00, 0x00, 0x00, 0x00, 0x00, 0x00, 0x00, 0x00, 0x00, 0x00,
  0x00, 0x00, 0x00, 0x00, 0x00, 0x00, 0x00, 0x00, 0x00, 0x00, 0x00, 0x00,
  0x00, 0x00, 0x00, 0x00, 0x00, 0x00, 0x00, 0x00, 0x00, 0x00, 0x00, 0x00,
  0x00, 0x00, 0x00, 0x00, 0x00, 0x00, 0x00, 0x00, 0x00, 0x00, 0x00, 0x00,
  0x00, 0x00, 0x00, 0x00, 0x00, 0x00, 0x00, 0x00, 0x00, 0x00, 0x00, 0x00,
  0x00, 0x00, 0x00, 0x00, 0x00, 0x00, 0x00, 0x00, 0x00, 0x00, 0x00, 0x00,
  0x10, 0x00, 0x00, 0x00, 0x2f, 0x41, 0xb2, 0x37, 0x0d, 0xba, 0x88, 0x37,
  0x9f, 0x11, 0x9b, 0x37, 0x14, 0xb9, 0x82, 0x37, 0x5b, 0x97, 0x8b, 0x36,
  0x84, 0xad, 0xa0, 0x37, 0x12, 0xbf, 0xa3, 0x37, 0xfb, 0xe2, 0xe9, 0x37,
  0x8e, 0xc9, 0x7d, 0x37, 0xd1, 0xaf, 0xf8, 0x37, 0xd2, 0xc5, 0xf6, 0x37,
  0x00, 0x7e, 0x90, 0x36, 0x00, 0x10, 0x84, 0x37, 0x73, 0xf1, 0xb3, 0x37,
  0x44, 0x5f, 0xa7, 0x37, 0x3b, 0x3e, 0xd1, 0x37, 0x2a, 0x00, 0x00, 0x00,
  0x73, 0x65, 0x71, 0x75, 0x65, 0x6e, 0x74, 0x69, 0x61, 0x6c, 0x2f, 0x63,
  0x6f, 0x6e, 0x76, 0x32, 0x64, 0x5f, 0x31, 0x2f, 0x42, 0x69, 0x61, 0x73,
  0x41, 0x64, 0x64, 0x2f, 0x52, 0x65, 0x61, 0x64, 0x56, 0x61, 0x72, 0x69,
  0x61, 0x62, 0x6c, 0x65, 0x4f, 0x70, 0x00, 0x00, 0x01, 0x00, 0x00, 0x00,
  0x10, 0x00, 0x00, 0x00, 0x16, 0xfb, 0xff, 0xff, 0x00, 0x00, 0x00, 0x01,
  0x14, 0x00, 0x00, 0x00, 0xe8, 0x00, 0x00, 0x00, 0x0a, 0x00, 0x00, 0x00,
  0x00, 0x00, 0x00, 0x09, 0xfc, 0x00, 0x00, 0x00, 0x84, 0xfa, 0xff, 0xff,
  0x08, 0x00, 0x00, 0x00, 0x8c, 0x00, 0x00, 0x00, 0x10, 0x00, 0x00, 0x00,
  0x00, 0x00, 0x00, 0x00, 0x00, 0x00, 0x00, 0x00, 0x00, 0x00, 0x00, 0x00,
  0x00, 0x00, 0x00, 0x00, 0x00, 0x00, 0x00, 0x00, 0x00, 0x00, 0x00, 0x00,
  0x00, 0x00, 0x00, 0x00, 0x00, 0x00, 0x00, 0x00, 0x00, 0x00, 0x00, 0x00,
  0x00, 0x00, 0x00, 0x00, 0x00, 0x00, 0x00, 0x00, 0x00, 0x00, 0x00, 0x00,
  0x00, 0x00, 0x00, 0x00, 0x00, 0x00, 0x00, 0x00, 0x00, 0x00, 0x00, 0x00,
  0x00, 0x00, 0x00, 0x00, 0x00, 0x00, 0x00, 0x00, 0x00, 0x00, 0x00, 0x00,
  0x00, 0x00, 0x00, 0x00, 0x00, 0x00, 0x00, 0x00, 0x00, 0x00, 0x00, 0x00,
  0x00, 0x00, 0x00, 0x00, 0x00, 0x00, 0x00, 0x00, 0x00, 0x00, 0x00, 0x00,
  0x00, 0x00, 0x00, 0x00, 0x00, 0x00, 0x00, 0x00, 0x00, 0x00, 0x00, 0x00,
  0x00, 0x00, 0x00, 0x00, 0x00, 0x00, 0x00, 0x00, 0x00, 0x00, 0x00, 0x00,
  0x00, 0x00, 0x00, 0x00, 0x00, 0x00, 0x00, 0x00, 0x00, 0x00, 0x00, 0x00,
  0x10, 0x00, 0x00, 0x00, 0xfb, 0x90, 0xcc, 0x3b, 0xd1, 0x9e, 0xaf, 0x3b,
  0xa8, 0x4b, 0x10, 0x3b, 0x38, 0xff, 0xfc, 0x3b, 0x06, 0x4c, 0xb1, 0x3b,
  0xfd, 0x33, 0xcf, 0x3b, 0x09, 0xf5, 0xa1, 0x3b, 0x76, 0xd5, 0x1a, 0x3c,
  0x80, 0xb5, 0x07, 0x3c, 0xf4, 0xea, 0xf1, 0x3a, 0x09, 0x5f, 0x35, 0x3b,
  0x16, 0x04, 0xea, 0x3a, 0xc4, 0xf1, 0x03, 0x3c, 0x55, 0xd9, 0xf2, 0x3a,
  0xaf, 0xb1, 0x14, 0x3b, 0xdc, 0x97, 0xa4, 0x3b, 0x1a, 0x00, 0x00, 0x00,
  0x73, 0x65, 0x71, 0x75, 0x65, 0x6e, 0x74, 0x69, 0x61, 0x6c, 0x2f, 0x63,
  0x6f, 0x6e, 0x76, 0x32, 0x64, 0x5f, 0x32, 0x2f, 0x43, 0x6f, 0x6e, 0x76,
  0x32, 0x44, 0x00, 0x00, 0x04, 0x00, 0x00, 0x00, 0x10, 0x00, 0x00, 0x00,
  0x03, 0x00, 0x00, 0x00, 0x03, 0x00, 0x00, 0x00, 0x10, 0x00, 0x00, 0x00,
  0x3e, 0xfc, 0xff, 0xff, 0x00, 0x00, 0x00, 0x01, 0x14, 0x00, 0x00, 0x00,
  0xe4, 0x00, 0x00, 0x00, 0x09, 0x00, 0x00, 0x00, 0x00, 0x00, 0x00, 0x02,
  0x08, 0x01, 0x00, 0x00, 0xac, 0xfb, 0xff, 0xff, 0x08, 0x00, 0x00, 0x00,
  0x88, 0x00, 0x00, 0x00, 0x10, 0x00, 0x00, 0x00, 0x00, 0x00, 0x00, 0x00,
  0x00, 0x00, 0x00, 0x00, 0x00, 0x00, 0x00, 0x00, 0x00, 0x00, 0x00, 0x00,
  0x00, 0x00, 0x00, 0x00, 0x00, 0x00, 0x00, 0x00, 0x00, 0x00, 0x00, 0x00,
  0x00, 0x00, 0x00, 0x00, 0x00, 0x00, 0x00, 0x00, 0x00, 0x00, 0x00, 0x00,
  0x00, 0x00, 0x00, 0x00, 0x00, 0x00, 0x00, 0x00, 0x00, 0x00, 0x00, 0x00,
  0x00, 0x00, 0x00, 0x00, 0x00, 0x00, 0x00, 0x00, 0x00, 0x00, 0x00, 0x00,
  0x00, 0x00, 0x00, 0x00, 0x00, 0x00, 0x00, 0x00, 0x00, 0x00, 0x00, 0x00,
  0x00, 0x00, 0x00, 0x00, 0x00, 0x00, 0x00, 0x00, 0x00, 0x00, 0x00, 0x00,
  0x00, 0x00, 0x00, 0x00, 0x00, 0x00, 0x00, 0x00, 0x00, 0x00, 0x00, 0x00,
  0x00, 0x00, 0x00, 0x00, 0x00, 0x00, 0x00, 0x00, 0x00, 0x00, 0x00, 0x00,
  0x00, 0x00, 0x00, 0x00, 0x00, 0x00, 0x00, 0x00, 0x00, 0x00, 0x00, 0x00,
  0x00, 0x00, 0x00, 0x00, 0x10, 0x00, 0x00, 0x00, 0xaf, 0x7f, 0x95, 0x38,
  0x46, 0x58, 0x80, 0x38, 0x9d, 0xe7, 0xd2, 0x37, 0x6b, 0xe4, 0xb8, 0x38,
  0xf1, 0x91, 0x81, 0x38, 0xfc, 0x6c, 0x97, 0x38, 0x22, 0xb8, 0x6c, 0x38,
  0xc4, 0x4e, 0xe2, 0x38, 0xc0, 0x5a, 0xc6, 0x38, 0xa7, 0xcb, 0xb0, 0x37,
  0x2f, 0x8c, 0x04, 0x38, 0x53, 0x05, 0xab, 0x37, 0x24, 0xda, 0xc0, 0x38,
  0xdc, 0x79, 0xb1, 0x37, 0x6f, 0x55, 0xd9, 0x37, 0x78, 0x92, 0x70, 0x38,
  0x2a, 0x00, 0x00, 0x00, 0x73, 0x65, 0x71, 0x75, 0x65, 0x6e, 0x74, 0x69,
  0x61, 0x6c, 0x2f, 0x63, 0x6f, 0x6e, 0x76, 0x32, 0x64, 0x5f, 0x32, 0x2f,
  0x42, 0x69, 0x61, 0x73, 0x41, 0x64, 0x64, 0x2f, 0x52, 0x65, 0x61, 0x64,
  0x56, 0x61, 0x72, 0x69, 0x61, 0x62, 0x6c, 0x65, 0x4f, 0x70, 0x00, 0x00,
  0x01, 0x00, 0x00, 0x00, 0x10, 0x00, 0x00, 0x00, 0x66, 0xfd, 0xff, 0xff,
  0x00, 0x00, 0x00, 0x01, 0x14, 0x00, 0x00, 0x00, 0x34, 0x00, 0x00, 0x00,
  0x08, 0x00, 0x00, 0x00, 0x00, 0x00, 0x00, 0x09, 0x44, 0x00, 0x00, 0x00,
  0xd4, 0xfc, 0xff, 0xff, 0x08, 0x00, 0x00, 0x00, 0x14, 0x00, 0x00, 0x00,
  0x01, 0x00, 0x00, 0x00, 0x00, 0x00, 0x00, 0x00, 0x00, 0x00, 0x00, 0x00,
  0x00, 0x00, 0x00, 0x00, 0x01, 0x00, 0x00, 0x00, 0x53, 0x2a, 0xe2, 0x38,
  0x17, 0x00, 0x00, 0x00, 0x73, 0x65, 0x71, 0x75, 0x65, 0x6e, 0x74, 0x69,
  0x61, 0x6c, 0x2f, 0x64, 0x65, 0x6e, 0x73, 0x65, 0x2f, 0x4d, 0x61, 0x74,
  0x4d, 0x75, 0x6c, 0x00, 0x02, 0x00, 0x00, 0x00, 0x20, 0x00, 0x00, 0x00,
  0xe0, 0x00, 0x00, 0x00, 0xce, 0xfd, 0xff, 0xff, 0x00, 0x00, 0x00, 0x01,
  0x14, 0x00, 0x00, 0x00, 0x30, 0x00, 0x00, 0x00, 0x07, 0x00, 0x00, 0x00,
  0x00, 0x00, 0x00, 0x02, 0x50, 0x00, 0x00, 0x00, 0x3c, 0xfd, 0xff, 0xff,
  0x08, 0x00, 0x00, 0x00, 0x10, 0x00, 0x00, 0x00, 0x01, 0x00, 0x00, 0x00,
  0x00, 0x00, 0x00, 0x00, 0x00, 0x00, 0x00, 0x00, 0x01, 0x00, 0x00, 0x00,
  0xf2, 0xd1, 0x62, 0x34, 0x27, 0x00, 0x00, 0x00, 0x73, 0x65, 0x71, 0x75,
  0x65, 0x6e, 0x74, 0x69, 0x61, 0x6c, 0x2f, 0x64, 0x65, 0x6e, 0x73, 0x65,
  0x2f, 0x42, 0x69, 0x61, 0x73, 0x41, 0x64, 0x64, 0x2f, 0x52, 0x65, 0x61,
  0x64, 0x56, 0x61, 0x72, 0x69, 0x61, 0x62, 0x6c, 0x65, 0x4f, 0x70, 0x00,
  0x01, 0x00, 0x00, 0x00, 0x20, 0x00, 0x00, 0x00, 0x3e, 0xfe, 0xff, 0xff,
  0x00, 0x00, 0x00, 0x01, 0x14, 0x00, 0x00, 0x00, 0x30, 0x00, 0x00, 0x00,
  0x06, 0x00, 0x00, 0x00, 0x00, 0x00, 0x00, 0x09, 0x44, 0x00, 0x00, 0x00,
  0xac, 0xfd, 0xff, 0xff, 0x08, 0x00, 0x00, 0x00, 0x10, 0x00, 0x00, 0x00,
  0x01, 0x00, 0x00, 0x00, 0x00, 0x00, 0x00, 0x00, 0x00, 0x00, 0x00, 0x00,
  0x01, 0x00, 0x00, 0x00, 0x18, 0xb6, 0x6a, 0x3c, 0x19, 0x00, 0x00, 0x00,
  0x73, 0x65, 0x71, 0x75, 0x65, 0x6e, 0x74, 0x69, 0x61, 0x6c, 0x2f, 0x64,
  0x65, 0x6e, 0x73, 0x65, 0x5f, 0x31, 0x2f, 0x4d, 0x61, 0x74, 0x4d, 0x75,
  0x6c, 0x00, 0x00, 0x00, 0x02, 0x00, 0x00, 0x00, 0x20, 0x00, 0x00, 0x00,
  0x20, 0x00, 0x00, 0x00, 0xa6, 0xfe, 0xff, 0xff, 0x00, 0x00, 0x00, 0x01,
  0x14, 0x00, 0x00, 0x00, 0x34, 0x00, 0x00, 0x00, 0x05, 0x00, 0x00, 0x00,
  0x00, 0x00, 0x00, 0x02, 0x58, 0x00, 0x00, 0x00, 0x14, 0xfe, 0xff, 0xff,
  0x08, 0x00, 0x00, 0x00, 0x14, 0x00, 0x00, 0x00, 0x01, 0x00, 0x00, 0x00,
  0x00, 0x00, 0x00, 0x00, 0x00, 0x00, 0x00, 0x00, 0x00, 0x00, 0x00, 0x00,
  0x01, 0x00, 0x00, 0x00, 0x0e, 0x66, 0x11, 0x37, 0x29, 0x00, 0x00, 0x00,
  0x73, 0x65, 0x71, 0x75, 0x65, 0x6e, 0x74, 0x69, 0x61, 0x6c, 0x2f, 0x64,
  0x65, 0x6e, 0x73, 0x65, 0x5f, 0x31, 0x2f, 0x42, 0x69, 0x61, 0x73, 0x41,
  0x64, 0x64, 0x2f, 0x52, 0x65, 0x61, 0x64, 0x56, 0x61, 0x72, 0x69, 0x61,
  0x62, 0x6c, 0x65, 0x4f, 0x70, 0x00, 0x00, 0x00, 0x01, 0x00, 0x00, 0x00,
  0x20, 0x00, 0x00, 0x00, 0x1e, 0xff, 0xff, 0xff, 0x00, 0x00, 0x00, 0x01,
  0x14, 0x00, 0x00, 0x00, 0x30, 0x00, 0x00, 0x00, 0x04, 0x00, 0x00, 0x00,
  0x00, 0x00, 0x00, 0x09, 0x44, 0x00, 0x00, 0x00, 0x8c, 0xfe, 0xff, 0xff,
  0x08, 0x00, 0x00, 0x00, 0x10, 0x00, 0x00, 0x00, 0x01, 0x00, 0x00, 0x00,
  0x00, 0x00, 0x00, 0x00, 0x00, 0x00, 0x00, 0x00, 0x01, 0x00, 0x00, 0x00,
  0xc3, 0xa3, 0xd6, 0x3c, 0x19, 0x00, 0x00, 0x00, 0x73, 0x65, 0x71, 0x75,
  0x65, 0x6e, 0x74, 0x69, 0x61, 0x6c, 0x2f, 0x64, 0x65, 0x6e, 0x73, 0x65,
  0x5f, 0x32, 0x2f, 0x4d, 0x61, 0x74, 0x4d, 0x75, 0x6c, 0x00, 0x00, 0x00,
  0x02, 0x00, 0x00, 0x00, 0x01, 0x00, 0x00, 0x00, 0x20, 0x00, 0x00, 0x00,
  0x86, 0xff, 0xff, 0xff, 0x00, 0x00, 0x00, 0x01, 0x14, 0x00, 0x00, 0x00,
  0x34, 0x00, 0x00, 0x00, 0x03, 0x00, 0x00, 0x00, 0x00, 0x00, 0x00, 0x02,
  0x58, 0x00, 0x00, 0x00, 0xf4, 0xfe, 0xff, 0xff, 0x08, 0x00, 0x00, 0x00,
  0x14, 0x00, 0x00, 0x00, 0x01, 0x00, 0x00, 0x00, 0x00, 0x00, 0x00, 0x00,
  0x00, 0x00, 0x00, 0x00, 0x00, 0x00, 0x00, 0x00, 0x01, 0x00, 0x00, 0x00,
  0xb0, 0xf8, 0x9f, 0x38, 0x29, 0x00, 0x00, 0x00, 0x73, 0x65, 0x71, 0x75,
  0x65, 0x6e, 0x74, 0x69, 0x61, 0x6c, 0x2f, 0x64, 0x65, 0x6e, 0x73, 0x65,
  0x5f, 0x32, 0x2f, 0x42, 0x69, 0x61, 0x73, 0x41, 0x64, 0x64, 0x2f, 0x52,
  0x65, 0x61, 0x64, 0x56, 0x61, 0x72, 0x69, 0x61, 0x62, 0x6c, 0x65, 0x4f,
  0x70, 0x00, 0x00, 0x00, 0x01, 0x00, 0x00, 0x00, 0x01, 0x00, 0x00, 0x00,
  0x00, 0x00, 0x16, 0x00, 0x1c, 0x00, 0x18, 0x00, 0x17, 0x00, 0x10, 0x00,
  0x0c, 0x00, 0x08, 0x00, 0x00, 0x00, 0x00, 0x00, 0x00, 0x00, 0x07, 0x00,
  0x16, 0x00, 0x00, 0x00, 0x00, 0x00, 0x00, 0x01, 0x18, 0x00, 0x00, 0x00,
  0x18, 0x00, 0x00, 0x00, 0x02, 0x00, 0x00, 0x00, 0x00, 0x00, 0x00, 0x02,
  0x2c, 0x00, 0x00, 0x00, 0x04, 0x00, 0x04, 0x00, 0x04, 0x00, 0x00, 0x00,
  0x18, 0x00, 0x00, 0x00, 0x73, 0x65, 0x71, 0x75, 0x65, 0x6e, 0x74, 0x69,
  0x61, 0x6c, 0x2f, 0x66, 0x6c, 0x61, 0x74, 0x74, 0x65, 0x6e, 0x2f, 0x43,
  0x6f, 0x6e, 0x73, 0x74, 0x00, 0x00, 0x00, 0x00, 0x01, 0x00, 0x00, 0x00,
  0x02, 0x00, 0x00, 0x00, 0x00, 0x00, 0x16, 0x00, 0x20, 0x00, 0x1c, 0x00,
  0x1b, 0x00, 0x14, 0x00, 0x10, 0x00, 0x0c, 0x00, 0x00, 0x00, 0x00, 0x00,
  0x08, 0x00, 0x07, 0x00, 0x16, 0x00, 0x00, 0x00, 0x00, 0x00, 0x00, 0x01,
  0x18, 0x00, 0x00, 0x00, 0x34, 0x00, 0x00, 0x00, 0x54, 0x00, 0x00, 0x00,
  0x01, 0x00, 0x00, 0x00, 0x00, 0x00, 0x00, 0x09, 0x6c, 0x00, 0x00, 0x00,
  0x04, 0x00, 0x00, 0x00, 0xff, 0xff, 0xff, 0xff, 0x14, 0x00, 0x00, 0x00,
  0x3f, 0x00, 0x00, 0x00, 0x01, 0x00, 0x00, 0x00, 0x0c, 0x00, 0x0c, 0x00,
  0x00, 0x00, 0x00, 0x00, 0x08, 0x00, 0x04, 0x00, 0x0c, 0x00, 0x00, 0x00,
  0x08, 0x00, 0x00, 0x00, 0x14, 0x00, 0x00, 0x00, 0x01, 0x00, 0x00, 0x00,
  0x80, 0xff, 0xff, 0xff, 0xff, 0xff, 0xff, 0xff, 0x00, 0x00, 0x00, 0x00,
  0x01, 0x00, 0x00, 0x00, 0x6a, 0x80, 0x80, 0x3b, 0x1e, 0x00, 0x00, 0x00,
  0x73, 0x65, 0x72, 0x76, 0x69, 0x6e, 0x67, 0x5f, 0x64, 0x65, 0x66, 0x61,
  0x75, 0x6c, 0x74, 0x5f, 0x63, 0x6f, 0x6e, 0x76, 0x32, 0x64, 0x5f, 0x69,
  0x6e, 0x70, 0x75, 0x74, 0x3a, 0x30, 0x00, 0x00, 0x04, 0x00, 0x00, 0x00,
  0x01, 0x00, 0x00, 0x00, 0x14, 0x00, 0x00, 0x00, 0x3f, 0x00, 0x00, 0x00,
  0x01, 0x00, 0x00, 0x00, 0x05, 0x00, 0x00, 0x00, 0x68, 0x00, 0x00, 0x00,
  0x48, 0x00, 0x00, 0x00, 0x38, 0x00, 0x00, 0x00, 0x18, 0x00, 0x00, 0x00,
  0x04, 0x00, 0x00, 0x00, 0xb8, 0xff, 0xff, 0xff, 0x0e, 0x00, 0x00, 0x00,
  0x02, 0x00, 0x00, 0x00, 0x00, 0x00, 0x00, 0x0e, 0xc8, 0xff, 0xff, 0xff,
  0x09, 0x00, 0x00, 0x00, 0x04, 0x00, 0x00, 0x00, 0x00, 0x00, 0x00, 0x09,
  0x0c, 0x00, 0x0c, 0x00, 0x0b, 0x00, 0x00, 0x00, 0x00, 0x00, 0x04, 0x00,
  0x0c, 0x00, 0x00, 0x00, 0x16, 0x00, 0x00, 0x00, 0x00, 0x00, 0x00, 0x16,
  0xf0, 0xff, 0xff, 0xff, 0x11, 0x00, 0x00, 0x00, 0x02, 0x00, 0x00, 0x00,
  0x00, 0x00, 0x00, 0x11, 0x0c, 0x00, 0x10, 0x00, 0x0f, 0x00, 0x00, 0x00,
  0x08, 0x00, 0x04, 0x00, 0x0c, 0x00, 0x00, 0x00, 0x03, 0x00, 0x00, 0x00,
  0x03, 0x00, 0x00, 0x00, 0x00, 0x00, 0x00, 0x03
};
unsigned int model_int8_tflite_len = 22496;
